,GCF_002055515.1,GCF_003287895.1,GCF_002222595.2,GCF_000769635.1,GCF_000240185.1,GCF_023520795.1,GCF_001558775.1,GCF_010669205.1,GCF_900637655.1,GCF_009648975.1,GCF_000961215.1,GCF_016698705.1,GCF_008632635.1,GCF_900660465.1,GCF_008693705.1,GCF_001865765.1,GCF_015159595.1,GCF_016728665.1,GCF_000959505.1,GCF_003006415.1,GCF_000144405.1,GCF_020405345.1,GCF_016576965.1,GCF_003367905.1,GCF_900660445.2,GCF_001689125.2,GCF_017310215.1,GCF_000013425.1,GCF_006094375.1
1.A.16,0.33,0.33,0.67,0.33,0.67,0.33,0.0,0.0,0.33,0.0,0.0,0.0,0.67,0.33,0.33,0.0,0.33,1.0,1.0,0.0,0.67,0.0,0.0,0.67,0.33,0.33,0.33,0.33,0.0
1.A.23,0.14,0.14,0.86,0.43,0.14,0.14,0.57,0.0,0.57,0.14,0.0,0.29,1.0,0.29,0.29,0.57,0.14,0.14,1.0,0.29,1.0,0.71,0.43,0.71,0.29,0.14,0.14,0.57,0.43
1.A.26,0.33,0.0,0.67,0.33,0.33,0.0,0.0,0.0,0.0,0.0,0.0,0.0,0.67,0.33,0.33,0.33,0.33,0.0,0.67,0.0,0.67,0.0,0.33,0.67,0.33,0.33,0.0,0.0,1.0
1.A.33,0.25,0.25,0.25,0.25,0.25,0.25,1.0,0.25,0.5,0.75,0.25,0.25,0.5,0.25,0.25,0.25,0.25,0.5,0.5,0.25,0.25,0.25,0.25,0.25,0.25,0.25,0.5,0.25,0.25
1.A.34,0.4,0.4,1.0,0.0,0.0,0.4,0.8,0.0,0.8,0.0,0.0,0.0,0.6,0.0,0.0,0.8,0.0,0.0,0.6,0.0,1.0,0.8,0.4,1.0,0.0,0.4,0.0,0.8,0.4
1.A.35,0.67,0.67,0.67,0.33,0.67,0.67,0.67,0.0,1.0,0.33,0.0,0.33,1.0,0.33,0.33,0.67,1.0,0.33,1.0,0.33,0.67,0.67,0.0,0.67,0.67,0.67,0.67,0.67,0.67
1.A.43,0.5,0.0,0.5,1.0,1.0,0.0,0.5,0.0,0.5,0.5,0.0,0.5,0.5,1.0,1.0,0.5,1.0,0.5,0.5,0.5,0.5,0.5,0.5,0.5,1.0,0.0,0.0,0.5,0.5
1.A.54,0.5,0.5,0.0,0.5,0.0,0.5,1.0,0.0,0.5,0.5,0.0,0.0,0.0,0.0,0.5,0.5,0.0,0.0,0.0,0.0,0.0,0.5,0.0,0.0,0.0,0.5,0.5,0.5,0.0
1.A.62,0.33,0.33,0.67,0.33,0.0,0.33,0.33,0.0,0.33,0.33,0.0,0.33,0.67,1.0,0.33,0.33,0.0,0.33,0.67,0.33,0.67,0.67,0.67,0.67,0.0,0.33,0.0,0.33,0.33
1.A.112,0.75,0.75,0.75,0.5,0.5,0.75,0.5,0.25,0.25,0.75,0.25,0.25,0.5,0.5,0.5,0.25,0.5,0.5,0.75,0.0,0.75,0.5,0.5,0.75,0.5,1.0,0.25,0.25,0.5
1.A.115,0.05,0.14,0.19,0.06,0.08,0.05,0.59,0.0,0.35,0.06,0.0,0.06,0.35,0.06,0.06,0.33,0.13,0.04,0.34,0.06,0.19,1.0,0.08,0.16,0.12,0.09,0.07,0.4,0.3
1.A.129,1.0,1.0,1.0,1.0,0.0,0.0,1.0,0.0,1.0,0.0,0.0,0.0,0.0,1.0,1.0,1.0,0.0,0.0,0.0,0.0,1.0,0.0,1.0,1.0,0.0,0.0,0.0,0.0,0.0
1.A.134,1.0,1.0,0.0,0.0,0.0,1.0,0.0,0.0,0.0,0.0,0.0,0.0,0.0,0.0,0.0,0.0,0.0,0.0,0.0,0.0,0.0,0.0,0.0,0.0,0.0,1.0,1.0,0.0,0.0
1.B.33,0.09,0.0,0.55,0.0,0.0,0.0,0.82,0.0,0.55,0.09,0.0,0.09,0.64,0.09,0.0,0.64,0.0,0.09,1.0,0.09,0.55,0.82,0.09,0.64,0.0,0.0,0.0,0.64,0.55
1.C.82,1.0,1.0,1.0,1.0,1.0,1.0,1.0,1.0,1.0,1.0,1.0,1.0,1.0,1.0,1.0,1.0,1.0,1.0,1.0,1.0,1.0,1.0,1.0,1.0,1.0,1.0,1.0,1.0,1.0
1.C.105,0.04,0.04,0.0,0.0,0.08,0.0,0.0,1.0,0.0,0.0,0.24,0.16,0.0,0.0,0.0,0.0,0.12,0.0,0.0,0.0,0.0,0.0,0.0,0.0,0.04,0.04,0.04,0.0,0.0
1.C.109,1.0,1.0,0.0,1.0,0.0,1.0,0.0,1.0,0.0,1.0,0.0,0.0,0.0,1.0,1.0,0.0,0.0,1.0,0.0,0.0,0.0,0.0,1.0,0.0,0.0,1.0,1.0,0.0,0.0
1.C.113,0.5,0.5,0.5,0.5,0.5,0.5,0.5,0.0,0.5,0.0,0.0,0.5,0.5,0.5,0.5,0.5,0.5,0.0,0.5,0.5,0.5,0.5,0.5,0.5,0.5,0.5,0.5,0.5,1.0
1.E.14,0.5,0.5,1.0,0.0,1.0,0.5,1.0,0.0,0.5,0.0,0.0,0.5,1.0,0.0,0.0,0.5,1.0,0.0,1.0,0.0,1.0,0.5,0.0,1.0,1.0,0.5,0.0,0.5,0.0
1.E.19,0.5,0.5,0.0,0.0,0.0,0.0,0.0,0.0,0.0,0.5,0.0,0.0,0.0,0.0,0.0,0.0,0.0,0.5,0.0,0.0,0.0,0.0,0.0,0.0,0.0,0.0,1.0,0.0,0.0
1.E.52,1.0,0.0,0.0,0.0,0.0,1.0,1.0,0.0,0.0,0.0,0.0,0.0,0.0,0.0,0.0,0.0,0.0,0.0,0.0,0.0,0.0,1.0,0.0,0.0,0.0,1.0,1.0,0.0,0.0
1.W.5,1.0,0.0,0.0,0.0,0.0,0.0,0.0,0.0,0.0,0.0,0.0,0.0,0.0,0.0,0.0,0.0,0.0,1.0,0.0,0.0,0.0,0.0,0.0,0.0,0.0,0.0,0.0,0.0,0.0
2.A.1,0.05,0.12,0.2,0.11,0.17,0.05,0.74,0.0,0.39,0.19,0.03,0.08,0.74,0.15,0.11,0.32,0.17,0.09,0.74,0.07,0.21,1.0,0.18,0.14,0.18,0.11,0.07,0.4,0.21
2.A.2,0.14,1.0,0.0,0.0,0.0,0.33,0.0,0.0,0.0,0.05,0.0,0.0,0.38,0.0,0.0,0.0,0.0,0.05,0.38,0.1,0.0,0.0,0.0,0.0,0.0,0.76,0.0,0.0,0.14
2.A.3,0.13,0.22,0.39,0.22,0.48,0.04,0.61,0.09,1.0,0.26,0.17,0.0,0.96,0.17,0.26,0.7,0.52,0.43,0.87,0.0,0.39,0.57,0.22,0.48,0.52,0.17,0.22,0.87,0.52
2.A.4,0.33,0.5,0.67,0.17,0.5,0.5,0.33,0.0,0.67,0.17,0.0,0.33,0.5,0.33,0.17,1.0,0.67,0.17,0.5,0.0,0.67,0.83,0.33,0.67,0.5,0.33,0.17,0.67,0.5
2.A.6.5,0.33,0.33,0.0,0.67,0.33,0.33,0.0,0.0,0.0,0.0,0.0,0.0,0.0,1.0,0.67,0.0,0.67,0.0,0.0,0.0,0.0,0.0,1.0,0.0,0.0,0.33,0.0,0.0,0.0
2.A.7.2,1.0,1.0,0.0,0.0,0.0,1.0,1.0,0.0,0.0,1.0,0.0,0.0,0.0,0.0,0.0,0.0,0.0,0.0,0.0,0.0,0.0,0.0,0.0,0.0,0.0,1.0,1.0,0.0,0.0
2.A.7.3,0.05,0.32,0.86,0.05,0.09,0.14,0.82,0.0,0.82,0.41,0.0,0.18,0.73,0.0,0.05,0.64,0.0,0.18,0.77,0.18,0.82,1.0,0.05,0.64,0.0,0.23,0.05,0.68,0.32
2.A.7.21,0.25,0.25,0.0,0.25,0.25,0.25,0.0,0.0,1.0,0.0,0.0,0.0,0.75,0.5,0.25,0.25,0.25,0.0,0.75,0.0,0.0,0.5,0.25,0.5,0.25,0.25,0.25,1.0,0.0
2.A.7.28,1.0,1.0,0.0,0.0,1.0,0.0,0.0,0.0,1.0,1.0,0.0,0.0,0.0,0.0,0.0,0.0,1.0,1.0,0.0,0.0,0.0,0.0,0.0,0.0,1.0,0.0,0.0,1.0,1.0
2.A.8,0.2,0.4,0.6,0.6,0.4,0.2,0.4,0.0,0.6,1.0,0.0,0.0,1.0,0.4,0.6,0.6,0.4,0.4,1.0,0.0,0.6,0.4,0.4,0.8,0.4,0.4,0.2,0.6,0.0
2.A.15,0.5,1.0,0.25,0.5,0.75,0.0,0.25,0.0,1.0,0.25,0.0,0.0,0.5,1.0,0.75,1.0,0.75,0.0,0.5,0.0,0.25,0.0,1.0,0.25,0.75,0.75,0.0,0.75,0.25
2.A.19,0.33,0.33,1.0,0.0,0.0,0.33,0.67,0.0,0.0,0.0,0.0,0.33,0.67,0.0,0.0,0.0,0.0,0.0,0.67,0.0,1.0,0.67,0.0,1.0,0.0,0.33,0.0,0.0,0.0
2.A.22,0.6,1.0,0.6,0.0,0.4,0.8,0.0,0.0,0.4,0.0,0.0,0.2,0.0,0.0,0.0,0.4,0.2,0.0,0.0,0.2,0.6,0.0,0.0,0.4,0.2,1.0,0.0,0.4,0.0
2.A.23,0.1,0.2,0.7,0.3,0.2,0.1,0.6,0.0,0.8,0.1,0.0,0.1,0.5,0.2,0.3,0.7,0.2,0.3,0.5,0.0,0.7,1.0,0.2,0.8,0.2,0.1,0.1,0.9,0.3
2.A.25,0.67,1.0,0.5,0.33,0.33,0.67,0.0,0.0,0.17,0.83,0.0,0.33,0.17,0.33,0.17,0.0,0.17,0.67,0.17,0.0,0.5,0.0,0.17,0.5,0.17,1.0,0.33,0.17,0.0
2.A.26,0.33,0.0,1.0,0.33,1.0,0.33,0.0,0.0,0.33,0.33,0.0,0.0,0.33,0.33,0.33,0.33,0.67,1.0,0.33,0.0,0.67,0.0,0.67,0.67,0.67,0.0,0.33,0.33,0.0
2.A.35,0.25,1.0,0.38,0.0,0.12,0.38,0.0,0.0,0.0,0.38,0.0,0.12,0.0,0.0,0.0,0.12,0.25,0.0,0.0,0.12,0.38,0.0,0.0,0.38,0.25,0.88,0.12,0.0,0.0
2.A.37,0.12,0.12,0.75,0.12,0.12,0.12,0.38,0.25,0.38,0.12,0.0,0.12,1.0,0.12,0.12,0.38,0.12,0.0,0.88,0.12,0.75,0.38,0.12,0.62,0.12,0.12,0.0,0.5,0.88
2.A.38,0.5,0.67,0.67,0.33,0.5,0.5,0.0,0.5,0.33,0.83,0.33,0.17,0.33,0.17,1.0,0.33,0.5,0.5,0.33,0.17,0.67,0.0,0.33,0.67,0.5,0.67,0.0,0.33,0.0
2.A.40,0.43,0.57,1.0,0.43,0.43,0.57,0.71,0.0,0.57,0.43,0.0,0.43,1.0,0.43,0.43,0.71,0.43,0.57,1.0,0.29,1.0,1.0,0.29,1.0,0.43,0.57,0.71,0.71,0.29
2.A.45,0.33,0.33,0.0,0.0,0.33,0.0,0.33,0.0,0.0,0.33,0.0,0.0,0.33,0.0,0.0,0.0,0.33,0.33,0.33,0.0,0.0,1.0,0.0,0.0,0.33,0.33,0.0,0.0,0.0
2.A.49,0.12,0.25,0.12,0.0,0.0,0.0,0.62,0.0,0.12,0.12,0.0,0.12,0.5,0.0,0.0,0.0,0.0,0.12,0.5,0.12,0.12,1.0,0.0,0.12,0.0,0.25,0.12,0.12,0.12
2.A.51,0.4,1.0,0.2,0.0,0.0,0.4,0.6,0.0,0.2,0.6,0.0,0.4,0.2,0.0,0.0,0.8,0.0,0.6,0.0,0.4,0.2,0.8,0.0,0.2,0.0,1.0,0.6,0.2,0.0
2.A.56,0.12,1.0,0.08,0.0,0.0,0.24,0.12,0.0,0.0,0.0,0.0,0.0,0.0,0.0,0.0,0.0,0.0,0.0,0.0,0.0,0.08,0.12,0.08,0.12,0.0,0.2,0.0,0.0,0.12
2.A.58,0.75,0.75,0.25,0.0,0.25,0.75,0.0,0.0,0.0,0.0,0.0,0.25,0.5,0.0,0.0,0.0,0.0,0.0,0.25,0.25,0.25,0.0,0.25,0.25,0.0,1.0,0.5,0.0,0.0
2.A.66.1,0.38,1.0,0.15,0.04,0.02,0.4,0.06,0.02,0.06,0.13,0.02,0.15,0.06,0.02,0.04,0.04,0.04,0.09,0.06,0.13,0.15,0.09,0.02,0.15,0.02,0.83,0.06,0.09,0.02
2.A.66.2,0.8,0.8,0.2,0.0,0.8,0.4,0.4,0.0,0.2,0.4,0.0,0.6,0.2,0.0,0.0,0.2,0.6,0.6,0.4,1.0,0.4,0.6,0.0,0.4,0.4,1.0,0.6,0.2,0.4
2.A.78,0.29,0.57,0.29,0.29,0.0,0.29,0.43,0.0,0.86,0.29,0.0,0.0,0.57,0.29,0.29,1.0,0.0,0.0,0.86,0.0,0.29,0.86,0.29,0.29,0.0,0.29,0.57,0.86,0.0
2.A.79,0.2,0.2,0.4,0.6,1.0,0.2,0.0,0.0,0.0,0.2,0.0,0.2,0.4,0.4,0.6,0.0,1.0,0.0,0.4,0.2,0.4,0.0,0.2,0.4,1.0,0.2,0.2,0.0,0.2
2.A.86,0.67,0.83,0.33,0.33,0.33,0.67,0.5,0.0,0.67,0.17,0.0,0.17,1.0,0.5,0.33,0.67,0.33,0.17,1.0,0.17,0.33,0.67,0.5,0.33,0.33,0.67,0.17,0.67,0.5
2.A.87,0.67,1.0,0.0,0.0,0.67,0.33,0.0,0.0,0.0,0.33,0.33,0.0,0.0,0.0,0.0,0.0,0.33,0.33,0.0,0.0,0.0,0.0,0.0,0.0,0.33,1.0,1.0,0.0,0.0
2.A.88,1.0,0.5,0.5,0.5,0.5,0.5,0.0,0.5,0.0,0.0,0.5,0.5,0.5,0.5,0.5,0.0,0.5,0.0,0.5,0.5,0.5,0.5,0.5,0.5,0.5,0.5,1.0,0.0,1.0
2.A.98,0.5,0.5,0.0,0.0,0.5,0.5,0.5,0.0,0.0,1.0,0.0,0.5,0.5,0.5,0.0,0.0,0.0,0.5,0.5,0.0,0.0,1.0,0.0,0.0,0.5,0.5,0.0,0.5,0.5
2.A.102,0.14,0.14,0.29,0.29,0.43,0.14,0.57,0.0,0.86,0.43,0.0,0.0,0.43,0.57,0.29,1.0,0.43,0.14,0.43,0.0,0.29,0.71,0.43,0.29,0.57,0.14,0.0,0.71,0.29
2.A.103,0.8,1.0,0.4,0.4,0.4,0.8,0.4,0.0,0.4,0.4,0.0,0.4,0.4,0.4,0.4,0.6,0.4,0.4,0.4,0.4,0.4,0.4,0.4,0.4,0.4,1.0,0.8,0.4,0.4
2.A.107,0.67,1.0,0.0,0.0,0.0,0.33,0.0,0.0,0.0,0.33,0.0,0.0,0.33,0.0,0.0,0.0,0.0,0.33,0.33,0.33,0.0,0.33,0.0,0.0,0.0,0.67,0.67,0.0,0.33
2.A.115,0.67,1.0,0.17,0.0,0.33,0.5,0.0,0.17,0.0,0.67,0.0,0.5,0.33,0.0,0.0,0.0,0.33,0.5,0.33,0.33,0.17,0.0,0.0,0.17,0.67,0.83,1.0,0.0,0.0
2.A.119,1.0,0.5,0.5,0.5,0.0,0.5,0.5,0.0,0.0,0.5,0.0,0.0,0.5,0.0,0.5,0.0,0.0,0.0,0.5,0.0,0.0,0.5,0.0,0.5,0.5,0.5,1.0,0.0,0.0
2.A.122,0.5,0.5,1.0,0.0,1.0,0.5,1.0,0.0,1.0,0.0,0.0,0.5,1.0,0.0,0.0,1.0,1.0,0.0,1.0,0.0,1.0,0.5,0.0,1.0,1.0,0.5,0.0,1.0,0.0
2.A.124,1.0,0.0,1.0,0.0,0.0,0.0,0.0,0.0,1.0,0.0,0.0,0.0,1.0,0.0,0.0,1.0,0.0,0.0,1.0,0.0,1.0,0.0,0.0,1.0,0.0,0.0,0.0,1.0,0.0
2.A.127,0.6,0.0,0.6,0.0,0.0,0.0,0.0,0.0,0.6,0.0,0.0,1.0,0.2,0.0,0.0,0.6,0.0,0.0,0.2,0.4,0.6,0.0,0.0,0.8,0.0,0.0,0.0,0.2,0.2
2.A.128,0.11,1.0,0.0,0.33,0.44,0.22,0.0,0.0,0.0,0.44,0.0,0.22,0.33,0.33,0.56,0.0,0.44,0.44,0.22,0.0,0.0,0.33,0.44,0.0,0.33,0.67,0.67,0.0,0.44
2.A.129,0.5,0.0,0.5,1.0,0.5,0.5,1.0,0.0,0.5,0.0,0.0,1.0,0.0,1.0,1.0,0.0,0.5,0.0,0.0,0.5,0.5,0.5,1.0,0.5,0.5,0.0,0.5,0.0,0.5
3.A.1,0.35,1.0,0.39,0.25,0.27,0.4,0.54,0.05,0.2,0.15,0.04,0.05,0.83,0.24,0.28,0.18,0.31,0.15,0.72,0.09,0.44,0.68,0.2,0.37,0.25,0.86,0.76,0.2,0.16
3.A.2,1.0,1.0,0.42,0.89,0.42,1.0,0.42,0.95,0.42,0.42,0.47,0.47,0.42,0.89,0.89,0.42,0.42,0.42,0.42,0.89,0.42,0.42,0.42,0.42,0.42,0.53,1.0,0.42,0.42
3.A.3.2,1.0,0.67,0.0,0.0,0.0,0.33,0.0,0.33,0.0,0.0,0.33,0.33,0.67,0.0,0.0,0.0,0.0,0.0,0.67,0.0,0.0,0.33,0.0,0.0,0.0,0.67,1.0,0.0,0.0
3.A.3.4,1.0,1.0,0.5,0.0,0.0,0.0,0.5,0.5,0.5,0.0,0.0,0.0,1.0,0.0,0.0,0.5,0.0,0.0,0.5,0.0,0.5,0.5,0.0,0.0,0.0,0.0,1.0,0.0,0.0
3.A.3.5,0.67,0.67,0.33,0.67,0.33,0.33,0.33,0.0,1.0,0.33,0.0,0.33,0.67,1.0,1.0,0.67,0.33,0.33,0.33,0.33,0.33,0.33,0.33,0.33,0.67,0.67,0.33,0.33,0.0
3.A.3.6,0.2,0.8,0.2,0.0,0.0,0.2,0.2,0.0,0.0,0.6,0.0,0.2,0.2,0.0,0.0,0.0,0.0,0.4,0.2,0.2,0.2,0.2,0.2,0.2,0.4,1.0,0.2,0.0,0.0
3.A.3.7,0.75,0.0,0.75,0.0,0.75,1.0,1.0,0.0,0.75,0.0,0.0,0.0,1.0,0.0,0.0,0.75,1.0,0.0,1.0,0.0,0.75,1.0,0.0,0.75,0.0,0.0,0.0,0.75,0.75
3.A.5,0.4,0.4,0.8,0.67,0.73,0.33,0.87,0.73,0.67,1.0,0.6,0.27,0.73,0.67,0.67,0.67,0.33,0.27,0.73,0.27,0.8,0.93,0.67,0.8,0.67,0.4,0.67,0.67,0.67
3.A.11,0.75,0.75,0.5,0.75,0.75,0.75,0.75,0.0,0.75,0.75,0.5,0.75,0.5,1.0,0.75,0.75,0.75,0.75,1.0,0.75,0.5,0.75,1.0,0.5,0.75,0.75,0.75,0.5,0.5
3.A.12,0.5,0.5,0.0,0.5,1.0,0.5,0.0,0.0,0.5,0.5,0.0,0.5,0.5,0.5,0.5,0.0,1.0,0.5,0.5,0.5,0.0,0.0,0.5,0.0,1.0,0.5,0.5,0.0,0.0
3.A.29,1.0,1.0,0.33,0.33,0.33,1.0,0.67,0.33,0.33,0.33,0.33,0.0,0.33,0.33,0.33,0.33,0.33,0.67,0.33,0.67,0.33,0.67,0.0,0.33,0.33,0.67,1.0,0.33,0.33
3.B.1,0.58,1.0,0.0,0.0,0.0,0.67,0.0,0.0,0.0,0.0,0.0,0.0,0.5,0.0,0.0,0.0,0.0,0.0,0.25,0.0,0.0,0.0,0.0,0.0,0.0,0.58,0.33,0.0,0.0
4.A.1,0.07,0.0,0.53,0.13,0.8,0.07,0.13,0.07,0.0,0.13,0.0,0.0,1.0,0.13,0.13,0.0,0.6,0.2,0.93,0.0,0.47,0.13,0.0,0.47,0.4,0.0,0.2,0.0,0.0
4.C.3,0.08,0.58,0.08,0.0,0.0,0.0,0.58,0.0,0.25,0.42,0.0,0.08,0.42,0.17,0.0,0.25,0.08,0.33,0.58,0.17,0.08,1.0,0.08,0.25,0.0,0.58,0.25,0.25,0.33
4.D.1,0.12,1.0,0.38,0.0,0.25,0.12,0.75,0.0,0.75,0.38,0.0,0.38,0.5,0.0,0.0,0.25,0.25,0.62,0.5,0.12,0.38,0.5,0.0,0.38,0.12,0.62,0.38,0.5,0.5
4.F.1,0.4,0.6,0.4,0.4,0.2,0.4,0.8,0.2,0.4,0.0,0.2,0.2,0.4,0.4,0.4,0.6,0.2,0.0,0.4,0.4,0.4,0.6,0.4,0.4,0.2,0.4,0.2,0.4,1.0
5.A.1,0.17,0.0,0.5,0.67,0.0,0.17,0.83,0.0,0.17,0.0,0.0,0.17,0.5,0.33,0.5,0.33,0.0,0.0,0.5,0.17,0.5,1.0,0.5,0.5,0.17,0.0,0.33,0.17,0.17
5.B.1,0.12,0.12,0.38,0.0,0.0,0.0,0.75,0.0,0.75,0.0,0.0,0.0,0.5,0.0,0.12,0.62,0.12,0.0,0.5,0.0,0.38,1.0,0.12,0.5,0.0,0.0,0.12,0.75,0.12
8.A.3,0.5,0.5,0.0,0.0,1.0,0.0,0.5,0.0,0.25,0.0,0.0,0.25,0.25,0.0,0.0,0.25,0.5,0.0,0.25,0.5,0.5,0.75,0.0,1.0,0.0,1.0,0.5,0.25,0.25
8.A.5,0.17,0.72,0.17,0.11,0.33,0.28,0.67,0.0,0.17,0.28,0.0,0.06,0.78,0.06,0.11,0.22,0.22,0.11,0.89,0.0,0.22,1.0,0.11,0.17,0.22,0.44,0.39,0.17,0.44
8.A.7,0.5,0.5,1.0,0.5,0.5,0.5,0.5,0.0,0.5,0.5,0.5,0.0,0.5,0.5,0.5,0.5,0.5,0.5,0.5,0.0,1.0,0.5,0.0,1.0,0.5,0.5,0.5,0.5,0.5
8.A.8,0.6,0.6,0.4,0.4,0.2,0.6,0.2,0.0,0.2,0.2,0.2,0.0,0.4,0.2,0.2,0.2,0.2,0.2,0.4,0.0,0.4,0.2,0.0,0.6,0.2,0.6,1.0,0.2,0.2
8.A.9,0.67,1.0,0.33,0.17,0.33,0.33,0.0,0.0,0.0,0.0,0.0,0.0,0.33,0.17,0.17,0.0,0.33,0.17,0.33,0.17,0.17,0.0,0.17,0.33,0.17,0.67,0.5,0.0,0.17
8.A.21,0.4,0.4,0.6,0.4,0.0,0.2,1.0,0.0,0.6,0.6,0.0,0.2,0.6,0.2,0.4,0.8,0.0,0.4,0.6,0.2,0.6,0.8,0.2,0.6,0.0,0.4,0.2,0.6,0.4
8.A.159,0.5,0.5,0.5,0.5,0.0,0.0,1.0,0.0,0.5,0.5,0.0,0.5,0.5,1.0,0.5,0.5,0.0,0.5,0.5,0.5,0.5,1.0,0.5,0.5,0.0,0.5,0.0,0.5,0.5
8.A.172,0.17,0.17,0.0,0.0,0.17,0.33,0.17,0.0,0.0,0.33,0.0,0.17,0.17,0.0,0.0,0.0,0.0,0.33,0.17,0.17,0.17,1.0,0.0,0.0,0.0,0.17,0.33,0.0,0.17
8.A.192,0.33,0.33,0.33,0.67,0.33,1.0,0.33,0.33,0.67,0.33,0.33,0.67,0.67,0.67,0.67,0.67,0.33,0.33,0.67,0.67,0.33,0.33,0.67,0.33,0.33,0.33,0.33,0.67,0.67
8.A.195,1.0,0.0,0.0,0.0,0.0,0.0,0.0,0.0,0.0,0.0,0.0,0.0,0.0,0.0,0.0,0.0,0.0,0.0,1.0,0.0,0.0,0.0,0.0,0.0,0.0,0.0,0.0,0.0,0.0
8.A.228,0.25,0.5,0.5,0.25,0.25,0.25,0.0,0.0,0.0,0.25,0.0,0.25,0.0,0.25,0.25,0.0,0.25,0.5,0.0,0.25,0.5,1.0,0.25,0.5,0.25,0.5,1.0,0.0,0.25
8.A.229,0.25,0.25,1.0,0.75,1.0,0.5,0.75,0.0,0.5,0.75,0.0,0.0,1.0,0.75,0.75,0.75,0.75,0.75,1.0,0.0,0.75,0.75,0.75,0.75,0.75,0.25,0.0,0.5,0.75
9.A.5,0.25,0.5,0.5,0.0,0.5,0.25,0.0,0.0,0.0,0.0,0.0,0.0,0.25,0.25,0.0,0.0,0.25,0.0,0.0,0.0,1.0,0.0,0.5,0.75,0.25,0.5,0.25,0.0,0.0
9.A.8,0.6,1.0,0.6,0.0,0.2,1.0,0.0,0.0,0.2,0.8,0.0,0.2,0.8,0.2,0.0,0.2,0.2,0.4,0.8,0.2,0.6,0.0,0.0,0.6,0.4,0.8,0.6,0.2,0.2
9.A.23,0.5,0.25,0.0,0.25,0.75,0.5,0.0,0.0,0.0,0.0,0.0,0.0,0.0,0.0,0.25,0.0,0.75,0.0,0.0,0.0,0.0,0.0,0.0,0.0,1.0,0.25,0.0,0.0,0.0
9.A.32,1.0,0.33,0.0,0.0,0.0,0.33,0.0,0.0,0.0,0.0,0.0,0.0,0.0,0.0,0.0,0.0,0.0,0.0,0.0,0.0,0.0,0.0,0.0,0.0,0.0,0.0,0.0,0.0,0.0
9.B.2,0.2,0.0,0.2,0.8,0.2,0.0,0.0,0.0,0.0,0.4,0.0,0.0,0.2,0.4,0.2,0.2,1.0,0.0,0.0,0.4,0.2,0.2,0.0,0.2,0.8,0.4,0.4,0.0,0.2
9.B.14,0.33,0.83,0.33,0.17,0.17,0.25,0.17,0.17,0.08,0.0,0.0,0.17,0.25,0.08,0.17,0.17,0.25,0.0,0.33,0.17,0.33,0.17,0.17,0.33,0.42,1.0,0.17,0.08,0.42
9.B.18,0.12,0.69,0.31,0.12,0.25,0.5,1.0,0.0,0.19,0.44,0.06,0.44,0.25,0.19,0.12,0.25,0.25,0.44,0.31,0.56,0.5,0.88,0.19,0.5,0.0,0.56,0.31,0.19,0.5
9.B.20,0.75,1.0,0.75,0.0,0.0,0.75,1.0,0.0,0.5,0.25,0.0,0.25,0.0,0.0,0.0,0.75,0.0,0.25,0.25,0.25,0.75,0.75,0.0,0.5,0.0,0.5,0.5,0.25,0.0
9.B.27,0.25,0.25,0.62,0.25,0.25,0.25,0.75,0.0,0.38,0.38,0.0,0.12,0.88,0.25,0.25,0.5,0.25,0.62,1.0,0.0,0.62,0.25,0.12,0.62,0.25,0.38,0.12,0.25,0.38
9.B.28,0.46,1.0,0.15,0.0,0.23,0.38,0.08,0.0,0.0,0.0,0.0,0.15,0.08,0.08,0.0,0.0,0.0,0.0,0.08,0.15,0.15,0.15,0.0,0.15,0.0,0.92,0.31,0.0,0.08
9.B.31,1.0,0.5,0.5,0.0,0.5,1.0,0.5,0.5,0.0,0.5,0.5,0.0,0.5,0.0,0.0,0.0,0.5,0.5,0.5,0.0,0.5,0.5,0.0,0.5,0.5,0.5,1.0,0.0,0.0
9.B.55,1.0,1.0,1.0,1.0,0.0,1.0,0.0,0.0,0.0,0.0,0.0,1.0,1.0,1.0,1.0,0.0,0.0,0.0,0.0,0.0,1.0,0.0,0.0,1.0,0.0,1.0,1.0,0.0,0.0
9.B.70,1.0,1.0,0.0,0.0,0.0,1.0,0.0,0.0,0.0,0.0,0.0,0.0,0.0,0.0,0.0,0.0,0.0,0.0,0.0,0.0,0.0,0.0,0.0,0.0,0.0,1.0,1.0,0.0,0.0
9.B.97,0.17,0.5,0.33,0.33,0.67,0.67,1.0,0.0,0.17,0.5,0.0,0.33,0.83,0.5,0.5,0.5,0.67,0.17,0.5,0.67,0.33,1.0,0.67,0.33,0.5,0.0,0.17,0.33,0.67
9.B.104,0.67,0.67,0.67,0.67,0.0,0.67,0.0,0.0,1.0,0.0,0.0,0.33,0.33,0.67,0.67,1.0,0.33,0.0,0.33,0.33,0.67,1.0,0.33,0.67,0.33,0.67,0.67,1.0,1.0
9.B.105,0.4,0.4,0.2,0.8,0.6,0.4,0.4,0.0,0.6,0.2,0.2,0.6,0.6,0.2,0.6,0.4,0.6,0.4,0.4,0.8,0.2,0.4,0.2,0.2,1.0,0.4,0.4,0.4,0.2
9.B.111,1.0,0.0,0.0,0.5,0.0,0.0,0.0,0.0,0.0,0.0,0.0,0.0,0.0,0.0,0.5,0.0,0.0,0.0,0.0,0.0,0.0,0.0,0.0,0.0,0.0,0.0,0.0,0.0,0.0
9.B.125,0.5,0.5,0.0,0.5,0.0,0.5,1.0,0.0,0.0,0.5,0.0,0.0,1.0,0.0,0.5,0.0,0.0,0.5,1.0,0.0,0.0,1.0,0.0,0.0,0.0,0.5,0.5,0.0,1.0
9.B.126,0.5,0.5,0.5,0.5,0.5,0.5,0.5,0.0,0.5,0.0,0.0,0.5,1.0,1.0,0.5,0.5,0.5,0.0,1.0,0.5,0.5,1.0,1.0,0.5,0.5,0.5,0.5,0.5,1.0
9.B.141,1.0,0.0,0.0,0.5,1.0,0.0,0.0,0.0,0.0,0.5,0.0,0.0,0.0,0.5,0.5,0.0,1.0,0.0,0.0,0.0,0.0,0.0,0.5,0.0,1.0,0.0,0.0,0.0,0.0
9.B.143,0.25,0.25,0.0,0.0,0.0,0.25,1.0,0.0,0.5,0.0,0.0,0.0,0.0,0.0,0.0,0.25,0.0,0.0,0.0,0.0,0.0,0.75,0.0,0.0,0.0,0.25,0.0,0.5,0.25
9.B.144,0.5,0.0,0.0,0.0,0.5,0.5,0.0,0.0,0.0,0.0,0.0,0.5,0.0,0.0,0.0,0.0,1.0,0.0,0.0,0.5,0.0,0.0,0.0,0.0,1.0,0.0,0.5,0.0,0.0
9.B.146,0.33,0.67,0.33,0.67,0.67,0.33,1.0,0.0,0.33,0.67,0.0,0.67,0.67,0.67,0.67,0.33,0.67,0.67,0.67,0.67,1.0,1.0,0.67,1.0,0.67,0.67,0.67,0.33,0.67
9.B.149,0.25,0.75,0.25,0.25,0.25,0.25,0.5,0.0,0.25,0.5,0.0,0.25,0.25,0.25,0.25,0.25,0.25,0.5,0.25,0.25,0.25,1.0,0.25,0.25,0.25,0.5,0.25,0.25,0.25
9.B.157,0.6,0.8,0.6,0.0,0.6,1.0,0.8,0.0,0.6,0.0,0.0,0.0,0.6,0.0,0.0,0.6,0.6,0.0,0.6,0.0,0.6,0.8,0.0,0.6,0.6,0.8,0.8,0.6,0.8
9.B.158,1.0,0.0,1.0,0.0,0.0,1.0,1.0,0.0,0.0,0.0,0.0,1.0,1.0,0.0,0.0,0.0,0.0,0.0,1.0,1.0,1.0,1.0,0.0,1.0,0.0,1.0,1.0,0.0,1.0
9.B.174,0.33,0.33,0.33,0.0,0.33,0.33,0.33,0.0,0.67,0.33,0.0,1.0,0.33,0.0,0.0,0.67,0.33,0.33,0.33,1.0,0.33,0.33,0.0,0.33,0.33,0.33,0.33,0.67,0.67
9.B.223,1.0,1.0,0.0,0.0,0.0,0.0,1.0,0.0,0.0,0.0,0.0,0.0,0.0,0.0,0.0,0.0,0.0,0.0,0.0,0.0,0.0,0.0,0.0,1.0,0.0,1.0,0.0,0.0,0.0
9.B.238,0.44,1.0,0.52,0.16,0.4,0.4,0.04,0.0,0.12,0.0,0.0,0.0,0.0,0.28,0.2,0.16,0.4,0.0,0.0,0.0,0.0,0.04,0.24,0.0,0.36,0.84,0.16,0.08,0.84
9.B.261,0.5,0.5,0.0,0.0,0.0,1.0,0.0,0.0,0.0,0.0,0.0,0.0,0.0,0.0,0.0,0.5,0.0,0.0,0.0,0.0,0.0,0.5,0.0,0.0,0.0,0.5,1.0,0.0,0.0
9.B.268,0.33,1.0,0.0,0.0,0.0,0.0,0.0,0.0,0.0,0.33,0.0,0.33,0.0,0.0,0.0,0.0,0.0,0.0,0.33,0.0,0.0,0.0,0.0,0.0,0.0,0.33,0.33,0.0,0.0
9.B.273,0.5,0.5,0.5,0.5,0.5,0.5,0.5,0.0,0.5,0.5,0.0,0.0,0.5,0.5,0.5,1.0,0.5,0.5,0.5,0.5,0.5,0.5,0.5,0.5,0.5,0.5,0.5,0.5,0.5
9.B.325,0.5,1.0,0.0,0.0,0.0,0.5,0.0,0.0,0.0,0.0,0.0,0.0,0.0,0.0,0.0,0.0,0.0,0.0,0.0,0.0,0.0,0.0,0.0,0.0,0.0,0.7,0.3,0.0,0.0
9.B.330,1.0,1.0,1.0,1.0,1.0,1.0,1.0,1.0,1.0,1.0,1.0,1.0,1.0,1.0,1.0,1.0,1.0,1.0,1.0,1.0,1.0,1.0,1.0,1.0,1.0,1.0,1.0,1.0,1.0
9.B.354,0.5,0.5,0.0,0.0,0.0,0.0,0.0,0.0,0.0,0.0,0.0,0.0,0.0,0.0,0.0,0.0,0.0,0.0,0.0,0.0,0.0,0.0,0.0,0.0,0.0,0.5,0.0,0.0,1.0
9.B.371,0.17,0.33,0.33,0.17,0.17,0.17,1.0,0.0,1.0,0.5,0.0,0.17,0.5,0.33,0.17,0.5,0.17,0.33,0.5,0.17,0.33,1.0,0.33,0.33,0.33,0.5,0.0,1.0,0.17
9.B.391,0.67,0.67,0.33,0.33,0.0,0.67,0.33,0.0,0.33,0.33,0.0,0.0,0.33,0.33,0.33,0.33,0.33,0.33,0.33,0.0,0.33,0.67,0.67,0.33,0.67,1.0,0.67,0.33,0.33
9.B.402,1.0,1.0,0.0,0.0,0.0,1.0,0.0,0.0,0.0,0.0,0.0,0.0,0.0,0.0,0.0,0.0,0.0,0.0,0.0,0.0,0.0,0.0,0.0,0.0,0.0,1.0,0.0,0.0,0.0
1.A.11,0.0,0.33,0.33,0.0,0.33,0.0,0.67,0.0,0.67,0.33,0.0,0.0,0.33,0.33,0.0,1.0,0.33,1.0,0.33,0.0,0.33,0.67,0.33,0.33,0.33,0.33,0.0,0.67,0.33
1.B.40,0.0,0.1,0.0,0.0,0.0,0.0,0.2,0.0,0.1,0.3,0.0,0.0,0.0,0.0,0.0,0.4,0.0,0.3,0.0,0.0,0.1,1.0,0.0,0.3,0.0,0.1,0.1,0.1,0.5
1.E.29,0.0,1.0,0.0,0.0,0.0,0.33,0.0,0.0,0.0,0.0,0.0,0.0,0.0,0.0,0.0,0.0,0.0,0.0,0.0,0.0,0.0,0.0,0.0,0.0,0.0,0.67,0.33,0.0,0.0
1.E.43,0.0,0.33,0.0,0.33,0.33,0.0,0.67,0.0,0.33,0.0,0.0,0.33,0.33,0.33,0.33,0.33,0.33,0.0,0.33,0.0,0.33,1.0,0.33,0.67,0.33,0.0,0.33,0.33,1.0
1.S.1,0.0,0.1,0.4,0.0,0.0,0.4,0.0,0.0,0.0,0.0,0.0,0.0,1.0,0.0,0.0,0.0,0.0,0.3,0.6,0.0,0.0,0.0,0.0,0.0,0.0,0.1,0.3,0.0,0.0
1.S.2,0.0,0.5,0.5,0.0,0.0,0.5,0.0,0.0,0.0,0.0,0.0,0.0,1.0,0.0,0.0,0.5,0.0,0.5,1.0,0.0,1.0,1.0,0.0,1.0,0.0,0.5,0.5,0.0,0.0
1.W.2,0.0,0.33,0.0,0.0,1.0,0.0,0.0,0.0,0.0,0.0,0.0,0.0,0.33,0.0,0.0,0.33,0.0,0.33,0.33,0.0,0.0,0.0,0.0,0.33,0.0,0.33,0.67,0.0,0.0
1.W.7,0.0,0.5,0.0,0.0,0.25,0.25,0.25,0.0,0.25,0.25,0.0,0.0,0.25,0.0,0.0,0.5,0.0,0.0,1.0,0.0,0.0,0.0,0.0,0.0,0.0,0.0,0.75,0.25,0.0
1.W.9,0.0,1.0,0.0,0.0,0.0,0.0,0.0,0.0,0.0,0.0,0.0,0.0,0.0,0.0,0.0,1.0,0.0,0.0,0.0,0.0,0.0,0.0,0.0,0.0,0.0,0.0,0.0,0.0,0.0
2.A.5,0.0,0.5,0.5,0.0,0.0,0.5,0.0,0.0,0.0,0.5,0.0,0.0,0.5,0.5,0.0,0.0,0.5,0.5,0.5,0.0,0.5,0.5,0.5,0.5,1.0,0.5,0.5,0.0,0.5
2.A.6.3,0.0,0.12,0.25,0.0,0.12,0.0,0.75,0.0,0.12,0.38,0.0,0.0,0.0,0.0,0.0,0.38,0.12,0.0,0.0,0.0,0.25,1.0,0.0,0.25,0.12,0.12,0.0,0.12,0.5
2.A.7.18,0.0,1.0,0.0,0.0,0.0,0.0,0.0,0.0,0.0,0.0,0.0,0.0,0.0,0.0,0.0,0.0,0.0,0.0,0.0,0.0,0.0,0.0,0.0,0.0,0.0,1.0,0.0,0.0,0.0
2.A.7.33,0.0,1.0,0.0,0.0,0.0,0.0,0.5,0.0,0.0,0.0,0.0,0.0,0.0,0.0,0.0,0.0,0.0,0.0,0.0,0.5,0.0,0.5,0.0,0.0,0.0,0.5,0.5,0.0,0.0
2.A.10,0.0,0.33,0.0,0.0,0.0,0.0,0.0,0.0,0.0,0.0,0.0,0.0,0.33,0.0,0.0,0.0,0.0,0.0,0.0,0.0,0.0,1.0,0.0,0.0,0.0,0.0,0.33,0.0,0.33
2.A.21,0.0,0.83,1.0,0.33,0.33,0.33,0.33,0.0,0.67,0.5,0.0,0.17,0.5,0.67,0.5,1.0,0.33,0.5,0.83,0.33,1.0,0.67,1.0,1.0,0.33,0.5,0.0,0.5,0.83
2.A.36,0.0,0.25,1.0,0.0,0.5,0.0,1.0,0.0,0.25,0.0,0.0,0.25,0.75,0.25,0.0,0.25,0.75,0.0,0.75,0.0,1.0,0.75,0.0,1.0,0.5,0.25,0.0,0.25,0.25
2.A.50,0.0,0.75,0.0,0.0,0.5,0.0,0.0,0.0,0.0,0.0,0.0,0.5,0.0,0.0,0.0,0.0,0.5,0.0,0.0,0.5,0.0,0.25,0.0,0.0,0.5,1.0,0.25,0.0,0.0
2.A.66.6,0.0,1.0,0.0,0.0,0.0,0.0,0.0,0.0,0.0,0.0,0.0,0.0,0.0,0.0,0.0,0.0,0.0,0.0,0.0,0.0,0.0,1.0,0.0,0.0,0.0,0.0,0.0,0.0,0.0
2.A.66.12,0.0,0.5,0.0,0.0,0.0,0.0,0.5,0.0,0.0,0.0,0.0,1.0,0.0,0.0,0.0,0.0,0.0,0.0,0.0,0.0,0.0,0.5,0.0,0.5,0.0,0.0,0.0,0.0,0.5
2.A.67,0.0,1.0,0.0,1.0,0.0,0.0,0.0,0.0,0.0,1.0,0.0,1.0,0.0,1.0,1.0,0.0,0.0,1.0,0.0,1.0,0.0,0.0,0.0,0.0,0.0,1.0,0.0,0.0,1.0
2.A.69,0.0,0.83,0.33,0.17,0.17,0.17,0.17,0.0,0.5,0.83,0.0,0.17,0.5,0.0,0.17,0.5,0.17,1.0,0.33,0.0,0.33,0.5,0.17,0.33,0.17,0.67,0.17,0.5,0.17
2.A.72,0.0,0.5,1.0,0.0,0.0,0.0,0.5,0.0,0.5,0.0,0.0,0.5,0.5,0.0,0.0,0.5,0.0,0.0,0.5,0.0,1.0,0.5,0.0,0.5,0.0,0.5,0.5,0.5,0.5
2.A.76,0.0,0.05,0.45,0.05,0.0,0.0,0.77,0.0,0.77,0.05,0.0,0.05,0.45,0.14,0.09,0.68,0.05,0.0,0.32,0.05,0.5,0.86,0.09,0.27,0.05,0.14,0.0,1.0,0.0
2.A.85,0.0,0.14,0.43,0.0,0.43,0.0,0.86,0.0,0.43,0.0,0.0,0.0,1.0,0.14,0.0,0.43,0.57,0.0,0.86,0.0,0.43,1.0,0.0,0.29,0.57,0.14,0.29,0.43,0.43
2.A.114,0.0,0.25,0.5,0.25,0.0,0.0,0.5,0.0,0.5,0.25,0.0,0.0,1.0,0.25,0.25,0.5,0.0,0.75,1.0,0.0,0.25,0.5,0.25,0.25,0.0,0.25,0.0,0.5,0.25
2.A.118,0.0,1.0,0.67,0.0,0.33,0.33,0.0,0.0,0.0,0.0,0.0,0.0,0.0,0.0,0.0,0.0,0.33,0.0,0.33,0.0,1.0,0.0,0.0,1.0,0.33,0.67,0.33,0.0,0.0
3.A.3.23,0.0,0.5,0.0,0.0,0.0,0.0,0.0,0.0,0.0,0.0,0.0,0.0,0.0,0.0,0.0,0.0,0.0,0.0,0.0,0.0,0.0,0.0,0.0,0.0,0.0,0.5,1.0,0.0,0.0
3.A.7,0.0,0.38,0.37,0.0,0.1,0.29,0.16,0.0,0.37,0.18,0.0,0.0,0.37,0.0,0.0,0.37,0.1,0.0,1.0,0.0,0.37,0.68,0.0,0.47,0.0,0.0,0.0,0.37,0.54
3.A.10,0.0,1.0,0.0,0.0,0.0,0.0,0.0,0.0,0.0,0.0,0.0,1.0,0.0,0.0,0.0,0.0,0.0,0.0,0.0,1.0,0.0,0.0,0.0,0.0,0.0,1.0,1.0,0.0,1.0
3.A.13,0.0,1.0,0.0,0.0,0.0,0.0,0.0,0.0,0.0,0.0,0.0,0.0,0.0,0.0,0.0,0.0,0.0,0.0,0.0,0.0,0.0,0.0,0.0,0.0,0.0,0.0,0.0,0.0,0.0
3.D.7,0.0,0.29,1.0,0.0,0.0,0.0,0.43,0.0,0.86,0.0,0.0,0.0,0.86,0.0,0.0,0.0,0.0,0.0,0.29,0.43,1.0,0.43,0.0,1.0,0.0,0.29,0.0,0.86,0.0
3.D.11,0.0,0.8,1.0,0.0,0.0,0.0,0.0,0.0,0.0,0.7,0.0,0.7,0.0,0.0,0.0,0.0,0.0,0.0,0.0,0.0,0.9,0.0,0.0,0.9,0.0,0.0,0.0,0.0,0.0
4.A.2,0.0,0.08,0.62,0.15,0.38,0.0,0.0,0.0,0.15,0.15,0.23,0.0,1.0,0.15,0.15,0.0,0.15,0.15,0.69,0.0,0.62,0.15,0.0,0.69,0.15,0.08,0.0,0.15,0.15
4.A.3,0.0,0.21,0.0,0.0,0.08,0.0,0.0,0.0,0.0,0.0,0.0,0.0,0.79,0.0,0.0,0.0,0.08,0.0,1.0,0.0,0.0,0.0,0.0,0.42,0.08,0.21,0.25,0.0,0.0
4.C.1,0.0,0.14,0.93,0.43,0.36,0.0,0.86,0.0,1.0,0.07,0.0,0.36,0.64,0.57,0.43,0.64,0.36,0.07,0.71,0.36,0.93,0.86,0.57,0.57,0.21,0.14,0.0,1.0,0.64
4.D.2,0.0,0.5,0.0,0.5,0.0,0.0,1.0,0.0,0.0,0.0,0.5,1.0,0.5,0.5,0.5,0.5,0.0,0.0,0.5,0.5,0.0,1.0,0.5,0.0,0.0,0.5,0.0,0.0,0.0
8.A.147,0.0,0.29,0.43,0.29,0.29,0.0,0.71,0.0,0.29,0.14,0.0,0.29,0.43,0.29,0.29,0.71,0.29,0.0,0.43,0.14,0.43,1.0,0.29,0.43,0.29,0.14,0.0,0.29,0.29
8.A.176,0.0,0.17,0.33,0.17,0.33,0.0,0.33,0.0,0.17,0.17,0.0,0.0,0.33,1.0,0.17,0.17,0.17,0.17,0.33,0.0,0.33,0.33,0.17,0.33,0.33,0.33,0.17,0.17,0.5
9.A.24,0.0,1.0,0.0,0.0,0.0,0.0,0.0,0.0,0.0,0.0,0.0,0.0,0.0,0.0,0.0,0.0,1.0,0.0,0.0,0.0,0.0,0.0,0.0,0.0,0.0,1.0,0.0,0.0,1.0
9.A.28,0.0,0.5,0.0,0.0,0.0,1.0,0.0,0.0,0.0,0.0,0.0,0.0,0.5,0.0,0.0,0.0,0.0,0.0,0.5,0.0,0.0,0.0,0.0,0.0,0.0,0.5,1.0,0.0,0.0
9.B.34,0.0,0.24,0.0,0.0,0.06,0.0,0.18,0.0,0.53,0.0,0.0,0.0,0.65,0.0,0.0,0.76,0.06,0.0,0.47,0.0,0.0,0.41,0.0,0.47,0.06,0.47,0.0,0.41,1.0
9.B.67,0.0,0.67,0.67,0.0,0.67,0.0,1.0,0.0,0.0,0.33,0.0,0.0,0.0,0.0,0.0,0.33,0.0,0.67,0.0,0.0,1.0,0.67,0.0,1.0,0.0,0.0,0.33,0.33,0.33
9.B.115,0.0,0.5,0.5,0.0,0.5,0.0,0.0,0.0,0.5,0.0,0.0,0.0,0.0,0.0,0.0,0.5,0.0,0.0,0.0,0.0,0.5,0.5,0.0,0.5,0.0,0.5,0.0,0.5,1.0
9.B.120,0.0,0.5,0.0,0.0,0.0,0.0,0.0,0.0,0.0,0.5,0.0,0.0,1.0,0.0,0.0,0.0,0.0,1.0,1.0,0.0,0.0,0.0,0.0,0.0,0.0,0.5,0.5,0.0,0.0
9.B.154,0.0,0.5,0.0,0.0,0.0,0.0,0.0,0.0,0.0,0.0,0.0,0.0,0.0,0.0,0.0,0.0,0.0,0.0,0.0,0.0,0.0,0.0,0.0,0.0,0.5,0.5,0.0,0.0,1.0
9.B.182,0.0,0.5,0.0,0.0,0.5,0.0,0.0,0.0,0.0,0.0,0.0,0.0,0.0,0.0,0.0,0.0,1.0,0.0,0.0,0.0,0.0,0.0,0.0,0.0,0.5,0.0,0.0,0.0,0.0
9.B.300,0.0,1.0,0.0,0.0,1.0,0.0,0.0,0.0,0.0,0.0,0.0,0.0,0.0,0.0,0.0,0.0,1.0,0.0,0.0,0.0,0.0,0.0,0.0,0.0,1.0,0.0,0.0,0.0,0.0
9.B.323,0.0,1.0,0.0,0.0,0.0,0.0,0.0,0.0,0.0,0.0,0.0,0.0,0.0,0.0,0.0,0.0,0.0,0.0,0.0,0.0,0.0,0.0,0.0,0.0,0.0,1.0,0.0,0.0,0.0
9.B.395,0.0,1.0,0.25,0.0,0.0,0.0,0.0,0.0,0.0,0.0,0.0,0.0,0.0,0.0,0.0,0.0,0.0,0.0,0.0,0.0,0.25,0.0,0.0,0.25,0.0,0.0,0.0,0.0,0.0
1.A.1,0.0,0.0,0.5,0.25,0.0,0.0,0.25,0.0,1.0,0.0,0.0,0.0,0.25,0.25,0.25,1.0,0.0,0.0,0.25,0.0,0.5,0.25,0.25,0.5,0.0,0.0,0.0,1.0,0.5
1.A.8,0.0,0.0,0.67,0.33,0.33,0.0,1.0,0.0,0.33,0.33,0.33,0.33,1.0,0.33,0.33,0.33,0.33,0.33,1.0,0.0,0.67,0.67,0.0,0.67,0.33,0.0,0.0,0.33,0.33
1.A.9,0.0,0.0,0.5,0.0,0.0,0.0,0.0,0.0,0.0,0.0,0.0,0.0,0.0,0.5,0.0,0.0,0.0,0.0,0.0,0.0,0.5,0.0,0.0,0.5,0.0,0.0,0.0,0.0,1.0
1.A.12,0.0,0.0,0.55,0.0,0.0,0.0,0.91,0.0,0.73,0.0,0.0,0.0,0.36,0.0,0.0,0.36,0.0,0.0,0.36,0.0,0.64,1.0,0.0,0.45,0.0,0.0,0.0,0.82,0.64
1.A.14,0.0,0.0,0.5,0.0,0.5,0.0,0.5,0.0,0.0,0.0,0.0,0.5,1.0,0.0,0.0,0.0,0.5,0.0,1.0,0.5,0.5,0.5,0.0,0.5,0.5,0.0,0.0,0.0,0.0
1.A.22,0.0,0.0,1.0,1.0,1.0,0.0,1.0,1.0,1.0,0.0,0.0,1.0,1.0,1.0,1.0,1.0,1.0,1.0,1.0,1.0,1.0,1.0,1.0,1.0,1.0,0.0,1.0,1.0,1.0
1.A.30,0.0,0.0,0.87,0.0,0.0,0.0,0.53,0.0,0.53,0.27,0.0,0.13,0.27,0.0,0.0,0.67,0.0,0.4,0.27,0.13,0.87,1.0,0.0,0.73,0.0,0.0,0.0,0.47,0.6
1.A.77,0.0,0.0,1.0,1.0,1.0,0.0,1.0,1.0,1.0,1.0,0.0,0.0,1.0,1.0,1.0,1.0,1.0,1.0,1.0,0.0,1.0,1.0,1.0,1.0,1.0,0.0,1.0,1.0,0.0
1.A.104,0.0,0.0,0.5,0.0,0.0,0.0,1.0,0.0,0.0,0.0,0.0,0.0,0.0,0.0,0.0,0.0,0.0,0.0,0.0,0.0,0.5,0.5,0.0,0.5,0.0,0.0,0.0,0.0,0.5
1.B.1,0.0,0.0,0.07,0.0,0.0,0.0,0.48,0.0,0.05,0.0,0.0,0.0,0.14,0.0,0.0,0.07,0.0,0.0,0.12,0.0,0.05,1.0,0.0,0.05,0.0,0.0,0.0,0.07,0.03
1.B.3,0.0,0.0,0.22,0.0,0.0,0.0,0.0,0.0,0.44,0.0,0.0,0.11,1.0,0.0,0.0,0.78,0.0,0.0,1.0,0.11,0.22,0.0,0.0,0.33,0.0,0.0,0.0,0.22,0.0
1.B.6,0.0,0.0,0.86,0.0,0.0,0.0,0.0,0.0,0.14,0.29,0.0,1.0,0.43,0.0,0.0,0.71,0.0,0.29,0.43,0.71,0.86,0.14,0.0,0.86,0.0,0.0,0.0,0.29,0.29
1.B.9,0.0,0.0,0.4,0.0,0.0,0.0,0.0,0.0,0.2,0.0,0.0,0.4,0.2,0.0,0.0,1.0,0.0,0.0,0.4,0.4,0.6,0.0,0.0,0.6,0.0,0.0,0.0,0.6,0.2
1.B.10,0.0,0.0,0.33,0.0,0.0,0.0,0.0,0.0,0.33,0.0,0.0,0.0,0.33,0.0,0.0,1.0,0.0,0.0,0.33,0.0,0.33,0.33,0.0,0.33,0.0,0.0,0.0,0.33,0.0
1.B.11,0.0,0.0,0.1,0.0,0.0,0.0,0.4,0.0,0.4,0.0,0.0,0.0,1.0,0.0,0.0,0.7,0.0,0.0,0.8,0.0,0.2,0.1,0.0,0.1,0.0,0.0,0.0,0.4,0.1
1.B.14,0.0,0.0,0.16,0.0,0.0,0.0,0.21,0.0,0.31,0.03,0.0,0.7,0.2,0.0,0.0,0.46,0.0,0.03,0.23,0.7,0.2,0.38,0.0,0.15,0.0,0.0,0.0,0.34,1.0
1.B.17,0.0,0.0,0.14,0.0,0.0,0.0,0.43,0.0,0.29,0.14,0.0,0.14,0.57,0.0,0.0,0.0,0.0,0.14,0.57,0.0,0.29,1.0,0.0,0.14,0.0,0.0,0.0,0.43,0.29
1.B.18,0.0,0.0,0.25,0.0,0.0,0.0,0.5,0.0,0.25,0.0,0.0,0.25,0.25,0.0,0.0,0.25,0.0,0.0,0.25,0.5,0.5,1.0,0.0,0.75,0.0,0.0,0.0,0.25,0.25
1.B.22,0.0,0.0,0.43,0.0,0.0,0.0,0.86,0.0,0.57,0.14,0.0,0.0,0.57,0.0,0.0,0.57,0.0,0.14,0.57,0.0,0.43,0.71,0.0,0.29,0.0,0.0,0.0,0.57,1.0
1.B.25,0.0,0.0,0.11,0.0,0.0,0.0,0.11,0.0,0.78,0.0,0.0,0.0,0.22,0.0,0.0,0.22,0.0,0.0,0.22,0.0,0.11,0.11,0.0,0.11,0.0,0.0,0.0,1.0,0.0
1.B.39,0.0,0.0,0.2,0.0,0.0,0.0,0.8,0.0,0.6,0.0,0.0,0.0,0.2,0.0,0.0,1.0,0.0,0.0,0.2,0.0,0.2,0.6,0.0,0.2,0.0,0.0,0.0,0.6,0.6
1.B.42,0.0,0.0,1.0,0.0,0.0,0.0,0.14,0.0,0.14,0.14,0.0,0.14,0.0,0.0,0.0,0.0,0.0,0.14,0.0,0.14,1.0,0.14,0.0,1.0,0.0,0.0,0.0,0.14,0.14
1.B.46,0.0,0.0,0.67,0.0,0.0,0.0,0.67,0.0,1.0,0.0,0.0,0.0,0.67,0.0,0.0,1.0,0.0,0.0,0.67,0.0,0.67,0.67,0.0,0.67,0.0,0.0,0.0,1.0,1.0
1.B.48,0.0,0.0,0.5,0.0,0.0,0.0,0.25,0.0,0.0,0.0,0.0,0.25,0.25,0.0,0.0,0.25,0.0,0.0,0.25,0.0,0.5,0.25,0.0,1.0,0.0,0.0,0.0,0.25,0.0
1.B.76,0.0,0.0,0.5,0.5,0.0,0.0,0.5,0.0,1.0,0.0,0.0,0.0,1.0,0.0,0.5,0.5,0.0,0.0,1.0,0.0,0.5,1.0,0.0,0.0,0.0,0.0,0.0,0.5,0.5
1.B.78,0.0,0.0,1.0,0.0,0.0,0.0,0.0,0.0,0.0,0.0,0.0,0.0,0.0,0.0,0.0,0.0,0.0,0.0,0.0,0.0,1.0,0.0,0.0,0.0,0.0,0.0,0.0,0.0,0.0
1.C.14,0.0,0.0,1.0,0.0,0.0,0.0,0.0,0.0,0.0,0.0,0.0,0.0,0.0,0.0,0.0,0.0,0.0,0.0,0.0,0.0,1.0,0.0,0.0,0.0,0.0,0.0,0.0,0.0,0.0
1.C.57,0.0,0.0,1.0,0.0,0.0,0.0,0.0,0.0,0.0,0.0,0.0,0.0,0.0,0.0,0.0,0.0,0.0,0.0,0.0,0.0,1.0,0.0,0.0,0.0,0.0,0.0,0.0,0.0,0.0
1.C.73,0.0,0.0,1.0,0.0,0.0,0.0,0.0,0.0,0.0,0.0,0.0,0.0,0.0,0.0,0.0,0.0,0.0,0.0,0.0,0.0,1.0,0.0,0.0,0.0,0.0,0.0,0.0,0.0,0.0
1.C.80,0.0,0.0,0.2,0.0,0.0,0.0,0.2,0.0,0.1,0.0,0.0,0.0,1.0,0.0,0.0,0.6,0.0,0.0,0.7,0.0,0.4,0.0,0.0,0.0,0.0,0.0,0.0,0.1,0.0
1.C.126,0.0,0.0,0.5,0.5,0.0,0.0,0.5,0.0,0.5,0.0,0.0,0.5,0.5,0.0,0.5,0.5,0.0,0.0,0.5,1.0,0.5,0.5,0.0,0.5,0.0,0.0,0.0,0.5,0.5
1.E.6,0.0,0.0,1.0,0.0,0.0,0.0,0.0,0.0,0.0,0.0,0.0,0.0,0.0,0.0,0.0,0.0,0.0,0.0,0.0,0.0,0.0,0.0,0.0,0.0,0.0,0.0,0.0,0.0,0.0
1.E.64,0.0,0.0,0.33,0.0,0.0,0.0,0.67,0.0,0.0,0.0,0.0,0.0,0.33,0.0,0.0,1.0,0.0,0.0,1.0,0.0,0.0,0.0,0.0,0.33,0.0,0.0,0.0,0.33,0.0
1.H.3,0.0,0.0,0.33,0.0,0.0,0.0,1.0,0.0,1.0,0.0,0.0,0.0,0.0,0.0,0.0,0.33,0.0,0.0,0.0,0.0,0.33,0.0,0.67,0.0,0.0,0.0,0.0,0.67,0.0
1.M.1,0.0,0.0,0.5,0.0,0.0,0.0,0.0,0.0,0.0,0.0,0.0,0.0,0.0,0.0,0.0,0.0,0.0,0.0,0.0,0.0,1.0,0.0,0.0,1.0,0.0,0.0,0.0,0.0,0.0
1.W.1,0.0,0.0,0.5,0.0,0.0,0.0,0.0,0.0,0.0,0.0,0.0,0.0,0.0,0.0,0.0,1.0,0.0,0.0,0.0,0.0,0.0,0.0,0.0,0.0,0.0,0.0,0.0,0.0,0.0
2.A.6.1,0.0,0.0,0.5,0.0,0.0,0.0,0.0,0.0,0.33,0.0,0.0,0.0,0.5,0.0,0.0,1.0,0.0,0.0,0.5,0.0,0.5,0.83,0.0,0.5,0.0,0.0,0.0,0.5,1.0
2.A.6.2,0.0,0.0,0.35,0.0,0.0,0.0,0.46,0.0,0.46,0.15,0.0,0.15,0.92,0.0,0.0,0.62,0.0,0.19,0.62,0.23,0.46,1.0,0.0,0.5,0.0,0.0,0.0,0.54,0.69
2.A.6.4,0.0,0.0,1.0,0.0,0.0,0.0,0.5,0.0,0.5,0.5,0.0,0.25,0.5,0.0,0.0,0.5,0.0,0.5,0.5,0.25,1.0,0.5,0.0,1.0,0.0,0.0,0.0,0.5,0.5
2.A.6.8,0.0,0.0,0.5,0.0,0.0,0.0,0.0,0.0,0.0,0.0,0.0,0.0,0.0,0.0,0.0,0.0,0.0,0.0,0.0,1.0,0.5,0.0,0.0,0.0,0.0,0.0,0.0,0.5,0.5
2.A.7.1,0.0,0.0,0.83,0.0,0.0,0.0,0.67,0.0,0.5,0.33,0.0,0.0,0.83,0.0,0.0,1.0,0.33,0.0,0.67,0.0,0.5,0.5,0.0,0.33,0.33,0.17,0.0,0.5,0.17
2.A.7.6,0.0,0.0,0.5,0.0,0.0,0.0,0.0,0.0,0.0,0.0,0.0,0.0,0.5,0.0,0.0,0.0,0.0,0.0,0.5,1.0,0.0,0.0,0.0,0.0,0.0,0.0,0.0,0.0,0.0
2.A.7.7,0.0,0.0,1.0,0.5,0.5,0.0,0.5,0.0,0.5,0.0,0.0,0.0,0.5,0.5,0.5,0.5,0.5,0.5,0.5,0.0,1.0,0.5,0.5,1.0,0.5,0.0,0.0,0.5,0.0
2.A.7.26,0.0,0.0,1.0,0.0,1.0,0.0,1.0,0.0,1.0,0.0,0.0,0.0,1.0,0.0,0.0,1.0,0.0,0.0,1.0,0.0,0.0,1.0,0.0,0.0,0.0,0.0,0.0,1.0,1.0
2.A.7.31,0.0,0.0,0.5,0.0,0.0,0.0,1.0,0.0,0.0,0.0,0.0,0.0,0.5,0.0,0.0,0.5,0.0,0.0,0.5,0.0,0.5,0.5,0.0,0.5,0.0,0.0,0.0,0.0,0.0
2.A.7.34,0.0,0.0,1.0,0.0,0.0,0.0,0.0,0.0,1.0,0.0,0.0,0.0,0.0,0.0,0.0,1.0,0.0,0.0,0.0,0.0,1.0,0.0,0.0,1.0,0.0,0.0,0.0,1.0,1.0
2.A.9,0.0,0.0,0.33,0.33,0.33,0.0,0.33,0.0,0.33,0.33,0.0,0.33,0.33,0.67,0.33,0.33,1.0,0.33,0.33,0.33,0.33,0.33,0.33,0.33,0.67,0.0,0.0,0.33,0.33
2.A.13,0.0,0.0,1.0,1.0,0.0,0.0,0.0,0.0,0.0,0.0,0.0,0.0,1.0,1.0,1.0,0.0,0.5,0.0,1.0,0.5,1.0,0.0,0.5,1.0,0.5,0.0,0.0,0.0,0.0
2.A.14,0.0,0.0,0.5,0.5,1.0,0.0,0.5,0.0,0.5,1.0,0.0,0.0,0.5,0.5,0.5,0.5,1.0,1.0,0.5,0.5,0.5,0.0,0.5,0.0,0.5,0.0,0.5,0.5,0.0
2.A.16,0.0,0.0,0.33,0.33,0.33,0.0,0.0,0.0,0.33,0.33,0.0,0.0,0.33,0.67,0.33,0.33,0.0,0.0,0.33,0.0,0.33,0.67,1.0,0.67,0.0,0.0,0.33,0.33,0.0
2.A.17,0.0,0.0,0.4,0.2,0.2,0.2,0.2,0.0,0.2,0.0,0.0,0.2,1.0,0.4,0.2,0.2,0.4,0.0,1.0,0.2,0.4,0.2,0.2,0.6,0.2,0.0,0.0,0.2,0.4
2.A.20,0.0,0.0,1.0,0.0,0.5,0.0,1.0,0.0,0.5,1.0,0.0,0.0,0.5,0.5,0.0,0.5,0.5,1.0,0.5,0.0,1.0,1.0,0.0,1.0,0.5,0.0,0.5,0.5,0.5
2.A.24,0.0,0.0,0.33,0.0,0.0,0.0,0.33,0.0,0.0,0.0,0.0,0.0,1.0,0.0,0.0,0.0,0.0,0.0,0.67,0.0,0.33,0.0,0.0,0.33,0.0,0.0,0.0,0.0,0.0
2.A.27,0.0,0.0,0.5,0.5,0.5,0.0,0.0,0.0,0.5,1.0,0.0,0.0,0.5,0.5,0.5,0.5,0.0,0.5,0.5,0.0,0.5,0.0,1.0,0.5,0.5,0.0,0.5,0.5,0.0
2.A.28,0.0,0.0,0.25,0.25,0.25,0.25,0.25,0.0,0.75,0.75,0.0,0.25,0.5,0.5,0.5,0.75,0.0,0.75,0.5,0.0,0.25,0.5,0.5,0.25,0.0,0.0,0.0,1.0,0.25
2.A.33,0.0,0.0,0.5,0.0,0.0,0.0,0.0,0.0,0.0,0.5,0.0,1.0,0.5,0.0,0.0,0.0,0.0,0.5,0.5,0.5,0.5,0.0,0.0,0.5,0.0,0.0,0.0,0.0,0.0
2.A.34,0.0,0.0,1.0,0.0,0.0,0.0,0.0,0.0,0.0,0.0,0.0,0.0,1.0,0.0,0.0,0.0,0.0,0.0,1.0,0.0,1.0,0.0,0.0,1.0,0.0,0.0,0.0,0.0,0.0
2.A.41,0.0,0.0,1.0,0.2,0.6,0.0,0.0,0.0,0.0,0.0,0.0,0.0,0.4,0.2,0.2,0.0,0.6,0.0,0.6,0.0,0.8,0.2,0.0,0.8,0.4,0.0,0.0,0.0,0.2
2.A.42,0.0,0.0,0.88,0.12,0.0,0.0,0.0,0.0,0.0,0.25,0.0,0.0,0.88,0.5,0.25,0.0,0.0,0.38,0.88,0.0,0.88,0.0,0.25,1.0,0.0,0.0,0.0,0.0,0.0
2.A.46,0.0,0.0,0.5,0.0,0.0,0.0,0.0,0.0,1.0,0.0,0.0,0.0,0.5,0.0,0.0,1.0,0.0,0.5,0.5,0.0,0.5,0.0,0.0,0.5,0.0,0.0,0.0,1.0,0.5
2.A.47,0.0,0.0,0.43,0.14,0.43,0.0,0.0,0.0,0.0,0.14,0.0,0.14,1.0,0.29,0.14,0.0,0.29,0.0,0.43,0.14,0.57,0.0,0.43,0.57,0.29,0.14,0.0,0.14,0.14
2.A.53,0.0,0.0,0.29,0.0,0.0,0.0,1.0,0.0,0.29,0.0,0.0,0.0,0.71,0.14,0.0,0.29,0.0,0.0,0.71,0.0,0.43,0.71,0.0,0.29,0.14,0.0,0.0,0.29,0.71
2.A.55,0.0,0.0,0.17,0.0,0.33,0.0,0.83,0.0,0.17,0.17,0.0,0.17,0.33,0.33,0.0,0.0,0.33,0.0,0.17,0.17,0.17,1.0,0.17,0.17,0.33,0.0,0.0,0.17,0.17
2.A.59,0.0,0.0,0.33,0.0,0.0,0.0,0.33,0.0,0.33,0.0,0.0,1.0,0.0,0.33,0.0,0.67,0.0,1.0,0.0,0.0,0.33,0.33,0.67,0.33,0.0,0.0,1.0,0.33,0.0
2.A.61,0.0,0.0,1.0,0.33,0.0,0.0,0.0,0.0,0.0,0.0,0.0,0.0,0.33,0.33,0.33,0.0,0.0,0.0,0.33,0.0,1.0,0.0,0.0,1.0,0.0,0.33,0.0,0.0,0.0
2.A.64,0.0,0.0,0.57,0.43,0.29,0.0,0.57,0.0,0.57,0.57,0.0,0.0,0.57,0.43,0.43,0.86,0.29,0.57,0.57,0.0,0.57,0.57,0.43,0.57,0.0,0.0,0.0,1.0,0.57
2.A.66.4,0.0,0.0,0.5,0.5,0.0,0.0,0.5,0.0,0.5,0.0,0.0,0.0,1.0,0.5,0.5,0.5,0.0,0.0,0.5,0.0,0.5,0.5,0.5,0.5,0.0,0.0,0.0,0.5,0.5
2.A.75,0.0,0.0,1.0,1.0,1.0,0.0,1.0,0.0,1.0,1.0,0.0,0.0,1.0,1.0,1.0,1.0,1.0,1.0,1.0,0.0,1.0,1.0,0.0,1.0,0.0,0.0,0.0,1.0,1.0
2.A.80,0.0,0.0,1.0,0.0,0.0,0.0,0.0,0.0,0.0,0.0,0.0,0.0,0.0,0.0,0.0,0.0,0.0,0.0,0.0,0.0,1.0,0.0,0.0,1.0,0.0,0.0,0.0,0.0,0.0
2.A.81,0.0,0.0,0.67,0.67,0.0,0.0,0.33,0.0,0.33,0.0,0.0,0.67,0.67,0.67,0.67,0.33,0.0,0.0,1.0,0.67,0.67,0.33,0.0,0.67,0.0,0.0,0.0,0.33,0.0
2.A.83,0.0,0.0,1.0,0.0,0.0,0.0,0.0,0.0,0.0,0.0,0.0,0.0,0.0,0.0,0.0,0.0,0.0,0.0,0.0,0.0,1.0,0.0,0.0,1.0,0.0,0.0,0.0,0.0,0.0
2.A.95,0.0,0.0,0.75,0.0,0.0,0.0,1.0,0.0,0.25,0.0,0.0,0.0,0.5,0.0,0.0,0.25,0.0,0.0,0.5,0.0,0.75,0.75,0.0,0.75,0.0,0.0,0.0,0.25,0.25
2.A.96,0.0,0.0,1.0,0.0,0.0,0.0,0.0,0.0,0.0,0.0,0.0,0.0,1.0,0.0,0.0,0.0,0.0,0.0,1.0,0.0,1.0,0.0,0.0,1.0,0.0,0.0,0.0,0.0,0.0
2.A.106,0.0,0.0,0.5,0.0,0.0,0.0,0.5,0.0,0.5,0.0,0.0,0.0,0.0,0.0,0.0,1.0,0.0,0.0,0.0,0.0,0.5,0.0,0.0,0.5,0.0,0.0,0.0,0.5,0.0
2.A.108,0.0,0.0,0.6,0.0,0.2,0.0,1.0,0.0,0.0,0.0,0.0,0.0,0.6,0.0,0.0,0.0,0.2,0.0,0.6,0.0,0.6,0.6,0.0,0.6,0.0,0.0,0.0,0.0,0.0
2.A.109,0.0,0.0,0.43,0.14,0.14,0.0,0.29,0.0,0.43,0.29,0.0,0.0,0.71,0.14,0.14,1.0,0.14,0.29,0.86,0.14,0.43,0.29,0.14,0.57,0.14,0.0,0.0,0.43,0.29
2.A.117,0.0,0.0,0.5,0.0,0.0,0.0,1.0,0.0,1.0,0.0,0.0,0.0,0.5,0.0,0.0,1.0,0.0,0.0,0.5,0.0,0.5,0.5,0.0,1.0,0.0,0.0,0.0,1.0,0.0
2.A.121,0.0,0.0,1.0,0.0,0.0,0.0,1.0,0.0,0.0,0.0,0.0,0.0,1.0,0.0,0.0,0.0,0.0,0.0,1.0,0.0,1.0,1.0,0.0,1.0,0.0,0.0,0.0,0.0,0.0
2.A.123,0.0,0.0,0.5,0.0,0.0,0.0,0.0,0.5,0.0,0.0,0.0,0.0,0.0,0.0,0.0,0.0,0.0,0.0,0.0,0.0,0.5,0.0,0.0,0.0,0.0,0.0,0.0,0.0,1.0
2.A.133,0.0,0.0,0.33,0.0,0.0,0.0,0.33,0.0,0.33,0.0,0.0,0.33,0.0,0.0,0.0,0.0,0.0,0.0,0.0,0.0,0.33,0.33,0.0,0.33,0.0,0.0,0.0,0.33,1.0
2.C.1,0.0,0.0,0.52,0.0,0.0,0.0,0.48,0.0,0.35,0.04,0.0,0.26,0.52,0.0,0.0,0.3,0.0,0.0,0.43,0.13,0.48,1.0,0.0,0.3,0.0,0.0,0.0,0.35,0.83
3.A.3.27,0.0,0.0,1.0,0.0,0.0,0.0,0.0,0.0,0.0,0.0,0.0,0.0,0.0,0.0,0.0,0.0,0.0,0.0,0.0,0.0,1.0,0.0,0.0,1.0,0.0,0.0,0.0,0.0,0.0
3.A.15,0.0,0.0,0.57,0.0,0.0,0.0,0.48,0.0,0.0,0.0,0.0,0.0,0.57,0.0,0.0,0.0,0.0,0.0,1.0,0.0,0.57,0.48,0.0,0.57,0.0,0.0,0.0,0.0,0.57
3.D.1,0.0,0.0,0.52,0.0,0.0,0.0,0.0,0.0,0.52,0.0,0.0,0.0,0.92,0.0,0.0,0.52,0.0,0.0,1.0,0.0,0.52,0.0,0.0,0.52,0.0,0.0,0.24,0.52,0.56
3.D.2,0.0,0.0,0.67,0.0,0.0,0.0,1.0,0.0,1.0,0.0,0.0,0.0,0.67,0.0,0.0,1.0,0.0,0.0,0.67,0.0,0.67,1.0,0.0,1.0,0.0,0.0,0.0,1.0,1.0
3.D.3,0.0,0.0,0.75,0.0,0.0,0.0,1.0,0.0,0.0,0.0,0.0,0.0,0.0,0.0,0.0,0.0,0.0,0.0,0.0,0.0,0.75,0.0,0.0,0.75,0.0,0.0,0.0,0.0,0.75
3.D.4,0.0,0.0,0.47,0.15,0.18,0.0,0.62,0.0,0.32,0.0,0.0,0.15,0.38,0.15,0.12,0.32,0.12,0.0,0.38,0.15,0.47,1.0,0.15,0.35,0.18,0.0,0.0,0.32,0.47
3.D.5,0.0,0.0,1.0,0.0,0.0,0.0,0.0,0.0,0.0,0.0,0.0,0.88,1.0,0.0,0.0,0.0,0.0,0.0,0.88,0.88,1.0,0.0,0.0,0.88,0.0,0.0,0.0,0.0,0.0
3.D.6,0.0,0.0,0.67,0.0,0.0,1.0,0.0,0.0,0.0,0.0,0.0,0.0,0.67,0.0,0.0,0.0,0.0,0.0,0.78,0.0,0.67,0.0,0.0,0.67,0.0,0.0,0.78,0.0,0.0
4.A.6,0.0,0.0,0.2,0.0,0.0,0.0,0.0,0.0,0.0,0.0,0.0,0.0,0.73,0.0,0.0,0.0,0.27,0.0,1.0,0.0,0.2,0.0,0.0,0.0,0.0,0.0,0.0,0.0,0.0
4.A.7,0.0,0.0,0.25,0.25,0.33,0.0,0.0,0.0,0.0,0.0,0.25,0.0,1.0,0.25,0.25,0.0,0.5,0.0,1.0,0.0,0.25,0.0,0.0,0.25,0.0,0.0,0.0,0.0,0.0
4.B.1,0.0,0.0,1.0,0.5,0.0,0.5,0.5,0.0,0.5,0.0,0.0,0.5,1.0,0.0,0.5,0.5,0.0,0.0,1.0,0.5,1.0,0.5,0.0,1.0,0.0,0.0,0.0,0.5,0.5
4.H.1,0.0,0.0,0.5,0.5,0.5,0.0,0.5,0.0,0.0,0.0,0.0,0.0,0.0,0.0,0.5,0.0,0.5,0.0,0.0,0.0,0.5,0.5,0.0,0.5,0.5,0.0,0.0,0.0,1.0
5.A.2,0.0,0.0,1.0,0.0,0.0,0.0,1.0,0.0,1.0,0.0,0.0,0.0,1.0,0.0,0.0,1.0,0.0,0.0,1.0,0.0,1.0,1.0,0.0,1.0,0.0,0.0,0.0,1.0,1.0
5.A.3,0.0,0.0,0.62,0.0,0.12,0.0,0.25,0.0,0.0,0.0,0.0,0.0,0.75,0.12,0.0,0.0,0.12,0.0,1.0,0.0,0.62,0.12,0.12,0.29,0.25,0.0,0.0,0.0,0.0
5.B.7,0.0,0.0,1.0,0.0,0.0,0.0,1.0,0.0,0.0,0.0,0.0,0.0,1.0,0.0,0.0,0.0,0.0,0.0,1.0,0.0,1.0,0.0,0.0,1.0,0.0,0.0,0.0,0.0,1.0
5.B.10,0.0,0.0,1.0,0.0,0.0,0.0,1.0,0.0,0.0,0.0,0.0,0.0,0.0,0.0,0.0,0.0,0.0,0.0,0.0,0.0,1.0,1.0,0.0,1.0,0.0,0.0,0.0,0.0,1.0
8.A.1,0.0,0.0,0.46,0.0,0.0,0.0,0.62,0.0,0.23,0.0,0.0,0.0,1.0,0.0,0.0,0.15,0.0,0.0,0.77,0.0,0.54,0.85,0.0,0.38,0.0,0.0,0.0,0.23,0.54
8.A.4,0.0,0.0,1.0,0.0,0.0,0.0,0.0,0.0,0.0,0.0,0.0,0.0,0.0,0.0,0.0,0.0,0.0,0.0,0.0,1.0,0.0,1.0,0.0,0.0,0.0,0.0,0.0,0.0,0.0
8.A.11,0.0,0.0,0.75,0.0,0.0,0.0,0.25,0.0,1.0,0.0,0.0,0.75,0.0,0.0,0.0,0.0,0.0,0.0,0.0,1.0,0.75,0.5,0.0,0.75,0.0,0.0,0.0,1.0,0.5
8.A.48,0.0,0.0,0.5,0.0,0.0,0.0,1.0,0.0,0.5,0.0,0.0,0.0,1.0,0.0,0.0,0.5,0.0,0.0,1.0,0.0,0.5,1.0,0.0,0.0,0.0,0.0,0.0,0.5,0.5
8.A.79,0.0,0.0,1.0,0.0,0.0,0.0,0.0,0.0,1.0,0.0,0.0,0.0,1.0,0.0,0.0,1.0,0.0,0.0,1.0,0.0,1.0,0.0,0.0,1.0,0.0,0.0,0.0,0.0,0.0
8.A.96,0.0,0.0,1.0,0.0,0.0,0.0,0.0,0.0,0.0,0.0,0.0,0.0,0.0,0.0,0.0,0.0,0.0,0.0,0.0,0.0,1.0,0.0,0.0,1.0,0.0,0.0,0.0,0.0,0.0
8.A.99,0.0,0.0,1.0,0.0,0.0,0.0,0.0,0.0,0.0,0.0,0.0,0.0,1.0,0.0,0.0,0.0,0.0,0.0,1.0,0.0,1.0,0.0,0.0,1.0,0.0,0.0,0.0,0.0,0.0
8.A.120,0.0,0.0,1.0,0.0,0.0,0.0,0.0,0.0,1.0,0.0,0.0,0.0,0.0,0.0,0.0,1.0,0.0,0.0,0.0,0.0,1.0,0.0,0.0,0.0,0.0,0.0,0.0,1.0,1.0
8.A.131,0.0,0.0,0.25,0.25,0.0,0.0,0.0,0.0,0.0,0.0,0.0,0.0,0.0,0.0,1.0,0.0,0.0,0.0,0.0,0.0,0.0,0.0,0.25,0.0,0.0,0.0,0.0,0.0,0.0
8.A.139,0.0,0.0,1.0,0.0,0.0,0.0,0.0,0.0,0.0,0.0,0.0,0.0,0.0,0.0,0.0,0.0,0.0,0.0,0.0,0.0,1.0,0.0,0.0,1.0,0.0,0.0,0.0,0.0,1.0
8.A.150,0.0,0.0,0.5,0.0,0.0,0.0,1.0,0.0,0.5,0.5,0.0,0.5,1.0,0.0,0.0,0.0,0.0,1.0,1.0,1.0,0.5,0.5,0.0,0.5,0.0,0.0,0.0,0.5,0.0
8.A.153,0.0,0.0,0.5,0.0,0.0,0.0,0.5,0.0,0.0,0.0,0.0,0.0,0.0,0.0,0.0,0.0,0.0,0.0,0.0,0.0,0.5,1.0,0.0,0.5,0.0,0.0,0.0,0.0,0.5
8.A.163,0.0,0.0,0.33,0.0,0.0,0.0,0.33,0.0,0.33,0.33,0.0,0.33,0.33,0.0,0.0,0.33,0.0,0.33,0.33,0.33,0.33,0.33,0.0,0.33,0.0,0.0,0.0,0.33,1.0
8.A.164,0.0,0.0,1.0,0.0,0.0,0.0,0.0,0.0,0.0,0.0,0.0,0.0,0.0,0.0,0.0,0.0,0.0,0.0,0.0,0.0,1.0,0.0,0.0,1.0,0.0,0.0,0.0,0.0,0.0
8.A.180.1,0.0,0.0,0.33,0.0,0.0,0.0,0.0,0.0,0.67,0.0,0.0,0.0,0.67,0.0,0.0,0.67,0.0,0.0,0.67,0.0,0.33,0.67,0.0,0.33,0.0,0.0,0.0,0.67,1.0
8.A.190,0.0,0.0,1.0,0.0,0.0,0.0,0.0,0.0,0.0,0.0,0.0,0.0,0.0,0.0,0.0,0.0,0.0,0.0,0.0,0.0,1.0,0.0,0.0,0.0,0.0,0.0,0.0,0.0,1.0
8.A.212,0.0,0.0,0.33,0.0,0.0,0.0,0.67,0.0,0.33,0.0,0.0,0.0,0.0,0.33,0.0,0.33,0.0,0.0,0.33,0.0,0.33,1.0,0.33,0.0,0.0,0.0,0.0,0.33,1.0
8.A.213,0.0,0.0,0.14,0.0,0.0,0.0,0.57,0.0,0.14,0.0,0.0,0.0,0.43,0.0,0.0,0.14,0.0,0.0,0.43,0.0,0.14,1.0,0.0,0.14,0.0,0.0,0.0,0.14,0.14
8.B.35,0.0,0.0,1.0,0.0,0.0,0.0,0.0,0.0,0.0,0.0,0.0,0.0,0.0,0.0,0.0,0.0,0.0,0.0,0.0,0.0,1.0,0.0,0.0,0.0,0.0,0.0,0.0,0.0,0.0
9.A.4,0.0,0.0,1.0,1.0,1.0,0.0,1.0,0.0,1.0,0.0,0.0,0.0,1.0,1.0,1.0,1.0,1.0,0.0,1.0,0.0,1.0,1.0,0.0,1.0,1.0,0.0,0.0,1.0,0.0
9.A.21,0.0,0.0,1.0,0.0,0.0,0.0,0.0,0.0,1.0,0.0,0.0,0.0,0.0,0.0,0.0,1.0,0.0,0.0,0.0,0.0,1.0,0.0,0.0,1.0,0.0,0.0,0.0,1.0,1.0
9.A.41,0.0,0.0,1.0,0.0,0.0,0.0,0.0,0.0,0.0,0.0,0.0,0.0,0.0,0.0,0.0,0.0,0.0,0.0,0.0,0.0,0.0,1.0,0.0,0.0,0.0,0.0,0.0,0.0,0.0
9.A.69,0.0,0.0,1.0,0.0,0.0,0.0,0.67,0.0,0.67,0.0,0.0,0.0,0.83,0.0,0.0,0.0,0.0,0.0,0.83,0.0,1.0,0.67,0.0,1.0,0.0,0.0,0.0,0.67,0.0
9.A.70,0.0,0.0,0.67,0.0,0.0,0.0,0.67,0.0,0.33,0.67,0.0,0.0,1.0,0.0,0.0,0.33,0.33,0.33,1.0,0.0,0.67,0.67,0.0,0.67,0.33,0.0,0.0,0.33,0.33
9.B.1,0.0,0.0,0.5,0.0,0.0,0.0,1.0,0.0,0.5,0.5,0.0,0.0,0.5,0.0,0.0,0.5,0.5,0.5,0.5,0.5,0.5,1.0,0.0,0.5,0.0,0.0,0.0,0.5,0.5
9.B.8,0.0,0.0,0.5,0.0,0.0,0.0,0.0,0.0,0.25,0.25,0.0,0.0,0.25,0.0,0.0,0.25,0.0,0.25,0.25,0.0,1.0,0.0,0.0,1.0,0.0,0.0,0.0,0.25,0.0
9.B.21,0.0,0.0,1.0,0.0,0.0,0.0,1.0,0.0,0.0,0.0,0.0,0.0,1.0,0.0,0.0,0.0,0.0,0.0,1.0,0.0,1.0,1.0,0.0,1.0,0.0,0.0,0.0,0.0,0.0
9.B.32,0.0,0.0,0.33,0.0,0.0,0.0,0.0,0.0,0.0,0.0,0.0,0.0,1.0,0.0,0.0,0.0,0.0,0.0,0.67,0.0,0.33,0.0,0.0,0.33,0.0,0.0,0.0,0.0,0.0
9.B.33,0.0,0.0,1.0,0.0,0.33,0.0,0.0,0.0,0.0,0.0,0.0,0.0,0.67,0.0,0.0,0.0,0.33,0.0,0.67,0.0,0.67,0.0,0.0,0.67,0.33,0.0,0.0,0.0,0.0
9.B.42,0.0,0.0,1.0,0.0,0.0,0.0,0.0,0.0,0.0,0.0,0.0,0.0,0.0,0.0,0.0,0.0,0.0,0.0,0.0,0.0,0.8,0.0,0.0,0.8,0.0,0.0,0.0,0.0,0.0
9.B.87,0.0,0.0,0.67,0.0,0.33,0.0,0.0,0.0,0.67,0.33,0.0,0.0,0.0,0.0,0.0,0.0,0.33,0.0,0.67,0.0,0.67,0.0,0.0,0.0,0.33,0.0,0.0,1.0,0.0
9.B.100,0.0,0.0,1.0,0.0,0.0,0.0,0.5,0.0,0.0,0.0,0.0,0.0,0.5,0.0,0.0,0.0,0.0,0.0,0.5,0.0,1.0,0.0,0.0,1.0,0.0,0.0,0.0,0.0,0.0
9.B.101,0.0,0.0,1.0,0.0,0.0,0.0,0.0,0.0,0.0,0.0,0.0,1.0,1.0,1.0,0.0,0.0,0.0,0.0,1.0,1.0,1.0,1.0,1.0,1.0,0.0,0.0,0.0,0.0,0.0
9.B.102,0.0,0.0,0.75,0.25,0.25,0.0,0.25,0.0,0.5,0.0,0.0,0.0,0.25,0.0,0.25,0.5,0.25,0.0,0.25,0.0,0.75,0.75,0.0,1.0,0.25,0.0,0.0,0.5,0.0
9.B.114,0.0,0.0,1.0,0.0,0.0,0.0,0.0,0.0,0.0,0.0,0.0,1.0,1.0,0.0,0.0,0.0,0.0,0.0,1.0,0.0,1.0,0.0,0.0,1.0,0.0,0.0,0.0,0.0,0.0
9.B.121,0.0,0.0,0.5,0.0,0.0,0.0,0.38,0.0,0.12,0.12,0.0,0.0,0.75,0.0,0.0,0.12,0.0,0.25,1.0,0.0,0.5,0.5,0.0,0.5,0.0,0.0,0.0,0.12,0.38
9.B.124,0.0,0.0,0.25,0.0,0.25,0.0,0.0,0.0,0.5,1.0,0.0,0.0,0.5,0.0,0.0,0.0,0.25,0.5,0.5,0.0,0.25,0.0,0.0,0.25,0.0,0.0,0.0,0.25,0.25
9.B.127,0.0,0.0,1.0,0.0,0.0,0.0,0.0,0.0,0.0,0.0,0.0,0.0,1.0,0.0,0.0,0.0,0.0,0.0,1.0,0.0,1.0,0.0,0.0,1.0,0.0,0.0,0.0,0.0,0.0
9.B.136,0.0,0.0,0.2,0.2,0.4,0.0,1.0,0.0,0.8,0.4,0.0,0.0,0.2,0.4,0.2,0.6,0.4,0.6,0.2,0.0,0.2,1.0,0.2,0.4,0.4,0.0,0.0,0.8,0.2
9.B.142,0.0,0.0,0.44,1.0,0.0,0.0,0.33,0.0,0.11,0.33,0.0,0.11,0.11,1.0,1.0,0.11,0.0,0.44,0.11,0.11,0.44,0.33,0.56,0.22,0.0,0.0,0.11,0.0,0.33
9.B.160,0.0,0.0,1.0,1.0,1.0,0.0,1.0,0.0,1.0,0.0,0.0,0.0,1.0,1.0,1.0,1.0,1.0,0.0,1.0,0.0,1.0,1.0,1.0,1.0,1.0,0.0,0.0,1.0,1.0
9.B.167,0.0,0.0,0.5,0.0,0.0,0.0,0.0,0.0,0.0,0.0,0.0,0.0,0.0,0.0,0.0,0.0,0.0,0.0,0.0,0.0,0.5,0.0,0.0,1.0,0.0,0.0,0.0,0.0,0.0
9.B.169,0.0,0.0,0.33,0.67,0.0,0.0,0.0,0.0,0.33,0.0,0.0,0.0,0.33,0.67,1.0,0.33,0.33,0.0,0.33,0.0,0.33,0.0,1.0,0.0,0.0,0.0,0.0,0.33,0.67
9.B.186,0.0,0.0,0.2,0.0,0.0,0.0,1.0,0.0,0.4,0.0,0.0,0.2,0.6,0.0,0.0,0.2,0.0,0.0,0.4,0.4,0.2,0.8,0.0,0.2,0.0,0.0,0.0,0.2,0.2
9.B.214,0.0,0.0,0.75,0.25,0.25,0.0,0.75,0.0,0.25,0.0,0.0,0.5,0.5,0.25,0.25,0.5,0.25,0.0,0.5,0.25,1.0,1.0,0.5,0.75,0.0,0.0,0.0,0.5,0.5
9.B.221,0.0,0.0,1.0,0.0,0.0,0.0,0.0,0.0,0.0,0.0,0.0,0.0,1.0,0.0,0.0,0.0,0.0,0.0,1.0,0.0,1.0,0.0,0.0,1.0,0.0,0.0,0.0,0.0,0.0
9.B.225,0.0,0.0,0.5,1.0,0.0,0.0,0.0,0.0,0.0,0.0,0.0,0.0,0.0,1.0,1.0,0.0,0.0,0.0,0.0,0.0,0.0,0.0,1.0,0.0,0.0,0.0,0.0,0.0,0.0
9.B.237,0.0,0.0,1.0,0.0,0.0,0.0,0.0,0.0,0.0,0.0,0.0,0.0,0.0,0.0,0.0,0.0,0.0,0.0,0.0,0.0,1.0,0.0,0.0,1.0,0.0,0.0,0.0,0.0,0.0
9.B.241,0.0,0.0,0.5,0.5,0.25,0.0,0.75,0.0,0.5,0.0,0.0,0.25,0.75,0.25,0.5,0.5,0.25,0.0,0.75,0.25,0.5,1.0,0.25,0.25,0.25,0.0,0.0,0.5,0.75
9.B.265,0.0,0.0,1.0,1.0,1.0,0.0,1.0,0.0,1.0,0.0,0.0,0.0,1.0,1.0,1.0,1.0,1.0,0.0,1.0,0.0,1.0,1.0,1.0,1.0,1.0,0.0,0.0,1.0,1.0
9.B.334,0.0,0.0,0.95,0.0,0.0,0.0,0.41,0.0,0.0,0.0,0.0,0.0,0.0,0.0,0.0,0.0,0.0,0.0,0.0,0.0,0.95,0.67,0.0,1.0,0.0,0.0,0.0,0.0,0.0
9.B.357,0.0,0.0,1.0,0.0,0.0,0.0,1.0,0.0,1.0,0.0,0.0,0.0,1.0,0.0,0.0,1.0,0.0,0.0,1.0,0.0,1.0,1.0,0.0,1.0,0.0,0.0,0.0,1.0,0.0
9.B.365,0.0,0.0,1.0,1.0,0.0,0.0,1.0,0.0,0.0,0.0,0.0,1.0,0.0,0.0,1.0,0.0,0.0,0.0,0.0,1.0,0.0,1.0,0.0,0.0,0.0,0.0,0.0,0.0,0.0
9.B.429,0.0,0.0,1.0,0.0,0.0,0.0,0.0,0.0,0.0,0.0,0.0,0.0,1.0,0.0,0.0,0.0,0.0,0.0,1.0,0.0,1.0,0.0,0.0,1.0,0.0,0.0,0.0,0.0,0.0
9.B.443,0.0,0.0,0.5,0.0,0.0,0.0,0.0,0.0,0.0,0.5,0.0,0.0,0.5,0.0,0.0,0.0,0.0,0.0,1.0,0.0,1.0,0.5,0.0,0.5,0.0,0.0,0.5,0.0,0.5
9.B.447,0.0,0.0,0.5,0.0,0.0,0.0,0.0,0.0,0.0,0.0,0.0,0.0,0.0,0.0,0.0,0.0,0.0,0.0,0.0,0.0,0.5,0.0,0.0,1.0,0.0,0.0,0.0,0.0,0.0
1.B.50,0.0,0.0,0.0,1.0,0.0,0.0,0.0,0.0,0.0,0.0,0.0,0.0,0.0,1.0,1.0,0.0,0.0,0.0,0.0,0.0,0.0,0.0,1.0,0.0,0.0,0.0,0.0,0.0,0.0
1.B.163,0.0,0.0,0.0,1.0,0.0,0.0,0.0,0.0,0.0,0.0,0.0,0.0,0.0,1.0,1.0,0.0,0.0,0.0,0.0,0.0,0.0,0.0,1.0,0.0,0.0,0.0,0.0,0.0,0.0
1.C.95,0.0,0.0,0.0,0.5,0.0,0.0,0.0,0.0,0.0,0.0,0.0,0.0,0.0,0.5,0.5,0.0,0.0,0.0,0.0,0.0,0.0,0.0,0.5,0.0,0.0,1.0,0.0,0.0,0.0
1.E.34,0.0,0.0,0.0,1.0,0.0,0.0,1.0,0.0,0.0,0.0,0.0,1.0,1.0,1.0,1.0,0.0,0.0,0.0,1.0,1.0,0.0,1.0,1.0,0.0,0.0,0.0,0.0,0.0,0.0
1.W.6,0.0,0.0,0.0,0.75,0.0,0.0,1.0,0.0,0.0,0.25,0.0,0.0,0.0,0.0,0.0,0.0,0.0,0.0,0.0,0.0,0.0,1.0,0.0,0.0,0.0,0.0,0.0,0.0,0.0
2.A.7.35,0.0,0.0,0.0,1.0,0.0,0.0,0.0,0.0,0.0,0.0,0.0,0.0,0.0,1.0,1.0,0.0,0.0,0.0,0.0,0.0,0.0,0.0,0.0,0.0,0.0,0.0,0.0,0.0,0.0
2.A.68,0.0,0.0,0.0,0.5,0.5,0.0,0.0,0.0,0.0,1.0,0.0,0.0,0.5,0.5,0.5,0.0,0.5,0.0,0.5,0.0,0.0,0.0,0.5,0.5,0.0,0.0,0.0,0.0,0.0
2.A.89,0.0,0.0,0.0,1.0,0.0,0.0,0.0,0.0,0.5,0.0,0.0,0.0,0.5,0.0,1.0,0.5,0.0,0.0,0.0,0.0,0.0,0.0,0.5,0.0,0.0,0.0,0.0,0.5,0.0
2.A.120,0.0,0.0,0.0,0.5,1.0,0.0,0.0,0.0,0.0,1.0,0.0,0.0,0.0,1.0,0.5,0.0,1.0,0.5,0.0,0.0,0.0,0.0,1.0,0.0,1.0,0.0,0.0,0.0,0.0
3.A.24,0.0,0.0,0.0,1.0,0.0,0.0,0.0,0.0,0.0,0.0,0.0,0.0,0.0,1.0,1.0,0.0,0.0,0.0,0.0,0.0,0.0,0.0,1.0,0.0,0.0,0.0,0.0,0.0,0.0
3.D.10,0.0,0.0,0.0,0.75,0.75,0.0,0.0,0.0,0.0,0.0,0.0,0.75,0.0,0.75,0.75,0.0,0.75,0.0,0.0,0.75,0.0,0.0,0.75,0.0,0.75,0.0,0.0,0.0,1.0
8.A.85,0.0,0.0,0.0,0.67,0.0,0.0,0.0,0.0,0.33,0.0,0.0,0.0,0.0,0.33,0.67,0.33,0.0,0.0,0.0,0.0,0.0,0.0,0.33,0.0,0.0,0.33,0.0,0.33,1.0
8.A.151,0.0,0.0,0.0,1.0,0.0,0.0,1.0,0.0,1.0,1.0,0.0,0.0,1.0,0.0,1.0,1.0,0.0,1.0,1.0,0.0,0.0,1.0,0.0,0.0,0.0,0.0,0.0,1.0,1.0
8.A.174,0.0,0.0,0.0,1.0,0.0,0.0,1.0,0.0,0.0,0.0,0.0,0.0,0.0,1.0,1.0,0.0,0.0,0.0,0.0,0.0,0.0,1.0,1.0,0.0,0.0,0.0,0.0,0.0,1.0
9.B.62,0.0,0.0,0.0,0.33,0.0,0.0,0.67,0.0,0.33,0.0,0.0,0.0,0.33,0.33,0.33,0.33,0.0,0.0,0.33,0.0,0.0,1.0,0.33,0.0,0.0,0.0,0.0,0.33,0.0
9.B.148,0.0,0.0,0.0,1.0,0.0,0.0,0.0,0.0,0.0,0.0,0.0,0.0,0.0,1.0,1.0,0.0,0.0,0.0,0.0,0.0,0.0,0.0,1.0,0.0,0.0,0.0,0.0,0.0,0.0
9.B.185,0.0,0.0,0.0,1.0,0.0,0.0,0.0,0.0,0.0,0.0,0.0,0.0,0.0,1.0,1.0,0.0,0.0,0.0,0.0,0.0,0.0,0.0,1.0,0.0,0.0,0.0,0.0,0.0,0.0
9.B.217,0.0,0.0,0.0,0.67,0.67,0.0,0.0,0.0,0.0,0.33,0.0,0.0,0.0,0.67,1.0,0.0,0.33,0.0,0.0,0.0,0.0,0.0,0.33,0.0,0.67,0.0,0.33,0.0,0.0
9.B.226,0.0,0.0,0.0,1.0,0.0,0.0,0.0,0.0,0.0,0.0,0.0,0.0,0.0,1.0,1.0,0.0,0.0,0.0,0.0,0.0,0.0,0.0,1.0,0.0,0.0,0.0,0.0,0.0,0.0
9.B.248,0.0,0.0,0.0,1.0,0.0,0.0,0.0,0.0,0.0,0.0,0.0,0.0,0.0,1.0,1.0,0.0,0.0,0.0,0.0,0.0,0.0,0.0,1.0,0.0,0.0,0.0,0.0,0.0,0.0
9.B.270,0.0,0.0,0.0,1.0,0.0,0.0,0.0,0.0,0.0,0.0,0.0,0.0,0.0,0.0,1.0,0.0,0.0,0.0,0.0,0.0,0.0,0.0,0.0,0.0,0.0,0.0,0.0,0.0,0.0
9.B.299,0.0,0.0,0.0,1.0,0.0,0.0,0.0,0.0,0.0,0.0,0.0,0.0,0.0,1.0,1.0,0.0,0.0,0.0,0.0,0.0,0.0,0.0,1.0,0.0,0.0,0.0,0.0,0.0,0.0
9.B.302,0.0,0.0,0.0,1.0,0.0,0.0,1.0,0.0,0.0,0.0,0.0,0.0,0.0,0.0,1.0,0.0,0.0,0.0,0.0,0.0,0.0,0.0,0.0,0.0,0.0,0.0,0.0,0.0,0.0
9.B.321,0.0,0.0,0.0,1.0,0.0,0.0,0.0,0.0,0.0,0.0,0.0,0.0,0.0,1.0,1.0,0.0,0.0,0.0,0.0,0.0,0.0,0.0,1.0,0.0,0.0,0.0,0.0,0.0,0.0
9.B.364,0.0,0.0,0.0,1.0,0.0,0.0,0.0,0.0,0.0,0.0,0.0,0.0,0.0,1.0,1.0,0.0,0.0,0.0,0.0,0.0,0.0,0.0,1.0,0.0,0.0,0.0,0.0,0.0,0.0
9.B.382,0.0,0.0,0.0,1.0,0.0,0.0,0.0,0.0,0.0,0.0,0.0,0.0,1.0,0.0,1.0,0.0,0.0,0.0,1.0,0.0,0.0,0.0,0.0,0.0,0.0,0.0,0.0,0.0,0.0
1.A.28,0.0,0.0,0.0,0.0,1.0,0.0,1.0,0.0,0.0,0.0,0.0,0.0,0.0,0.0,0.0,0.0,1.0,0.0,0.0,0.0,0.0,1.0,0.0,0.0,1.0,0.0,0.0,0.0,0.0
1.C.3,0.0,0.0,0.0,0.0,1.0,0.0,0.0,0.0,0.0,0.0,0.0,0.0,0.0,0.0,0.0,0.0,0.0,0.0,0.0,0.0,0.0,0.0,0.0,0.0,0.0,0.0,0.0,0.0,0.0
1.E.11.1,0.0,0.0,0.0,0.0,1.0,0.0,0.0,0.0,0.0,0.0,0.0,0.0,0.0,0.0,0.0,0.0,0.0,0.0,0.0,0.0,0.0,0.0,0.0,0.0,0.0,0.0,0.0,0.0,0.0
1.E.31,0.0,0.0,0.0,0.0,1.0,0.0,0.0,0.0,0.0,0.0,0.0,0.0,0.0,0.0,0.0,0.0,0.0,0.0,0.0,0.0,0.0,0.0,0.0,0.0,0.0,0.0,0.0,0.0,0.0
1.E.55,0.0,0.0,0.0,0.0,0.5,0.0,0.0,0.0,0.0,0.0,0.0,0.0,0.0,0.0,0.0,0.0,0.5,0.0,0.0,0.0,0.0,0.0,0.0,0.0,0.5,0.0,0.0,0.0,1.0
2.A.6.6,0.0,0.0,0.0,0.0,1.0,0.0,0.0,0.0,0.0,0.0,0.0,0.0,0.0,0.0,0.0,0.0,1.0,0.0,0.0,0.0,0.0,1.0,0.0,0.0,1.0,0.0,0.0,0.0,0.0
2.A.7.5,0.0,0.0,0.0,0.0,1.0,0.0,0.0,0.0,0.0,0.0,0.0,0.0,0.0,0.0,0.0,0.0,0.0,0.0,0.0,0.0,0.0,0.0,0.0,0.0,1.0,0.0,0.0,0.0,0.0
2.A.7.44,0.0,0.0,0.0,0.0,1.0,0.0,0.0,0.0,0.0,0.0,0.0,0.0,0.0,0.0,0.0,1.0,1.0,0.0,0.0,0.0,0.0,0.0,0.0,0.0,1.0,0.0,0.0,0.0,0.0
2.A.11,0.0,0.0,0.0,0.0,1.0,0.0,1.0,0.0,1.0,1.0,0.0,0.0,1.0,1.0,0.0,1.0,0.0,0.0,1.0,0.0,0.0,1.0,1.0,0.0,0.0,0.0,1.0,1.0,1.0
2.A.52,0.0,0.0,0.0,0.0,0.33,0.0,1.0,0.0,0.0,0.0,0.0,0.0,0.33,0.0,0.0,0.0,0.0,0.0,0.33,0.0,0.0,1.0,0.0,0.0,0.0,0.0,0.0,0.0,0.0
2.A.63,0.0,0.0,0.0,0.0,0.89,0.0,0.0,0.0,0.67,0.0,0.0,0.0,0.0,0.11,0.0,0.67,1.0,0.0,0.0,0.0,0.0,0.0,0.0,0.0,0.89,0.0,0.0,0.67,0.67
2.A.134,0.0,0.0,0.0,0.0,1.0,0.0,0.0,0.0,0.0,0.0,0.0,0.0,0.0,0.0,0.0,0.0,1.0,0.0,0.0,0.0,0.0,0.0,0.0,0.0,1.0,0.0,0.0,0.0,0.0
3.A.14,0.0,0.0,0.0,0.0,1.0,0.0,0.0,0.0,0.0,0.0,0.0,0.0,0.0,0.0,0.0,0.0,1.0,0.0,0.0,0.0,0.0,0.0,0.0,0.0,1.0,0.0,0.0,0.0,0.0
4.A.5,0.0,0.0,0.0,0.0,0.5,0.0,0.0,0.0,0.0,0.0,0.0,0.0,0.5,0.0,0.0,0.0,0.0,0.0,1.0,0.5,0.0,0.0,0.0,0.0,0.0,0.0,0.0,0.0,0.0
8.A.23,0.0,0.0,0.0,0.0,1.0,0.0,0.0,0.0,0.0,0.0,0.0,0.0,0.0,0.0,0.0,0.0,1.0,0.0,0.0,0.0,1.0,0.0,0.0,0.0,1.0,0.0,0.0,0.0,0.0
8.A.49,0.0,0.0,0.0,0.0,1.0,0.0,0.0,0.0,0.0,0.0,0.0,0.0,1.0,0.0,0.0,0.0,0.0,0.0,1.0,0.0,0.0,0.0,0.0,0.0,0.0,0.0,0.0,0.0,1.0
9.A.2,0.0,0.0,0.0,0.0,1.0,0.0,0.0,0.0,0.0,0.0,0.0,0.0,0.0,0.0,0.0,0.0,1.0,0.0,0.0,0.0,0.0,0.0,0.0,0.0,1.0,0.0,0.0,0.0,1.0
9.A.7,0.0,0.0,0.0,0.0,1.0,0.0,0.0,0.0,0.0,0.0,0.0,0.0,0.0,0.0,0.0,0.0,0.0,0.0,0.0,0.0,0.0,0.0,1.0,0.0,0.0,0.0,0.0,0.0,0.0
9.B.36,0.0,0.0,0.0,0.0,1.0,0.0,0.0,0.0,1.0,0.0,0.0,1.0,1.0,0.0,1.0,1.0,1.0,0.0,1.0,1.0,0.0,0.0,0.0,0.0,0.0,0.0,0.0,1.0,0.0
9.B.46,0.0,0.0,0.0,0.0,0.33,0.33,0.0,0.0,0.0,0.0,0.0,0.0,0.0,0.0,0.0,0.0,0.33,0.0,0.0,0.0,0.0,0.0,0.0,0.0,0.33,1.0,0.0,0.0,0.0
9.B.72,0.0,0.0,0.0,0.0,1.0,0.0,0.0,0.0,0.5,0.0,0.0,0.0,0.5,0.0,0.0,0.5,1.0,0.0,0.5,0.0,0.0,0.5,0.0,0.0,0.5,0.0,0.0,0.5,0.0
9.B.116,0.0,0.0,0.0,0.0,1.0,0.0,0.0,0.0,0.0,0.0,0.0,0.0,0.0,0.0,0.0,0.0,1.0,0.0,0.0,0.0,0.0,0.0,0.0,0.0,1.0,0.0,1.0,0.0,0.0
9.B.210,0.0,0.0,0.0,0.0,1.0,0.0,0.0,0.0,0.0,0.0,0.0,0.0,0.0,0.0,0.0,0.0,1.0,0.0,0.0,0.0,0.0,0.0,0.0,0.0,0.0,0.0,0.0,0.0,1.0
9.B.234,0.0,0.0,0.0,0.0,1.0,0.0,0.0,0.0,0.0,0.0,0.0,0.0,0.0,0.0,0.0,0.0,1.0,0.0,0.0,0.0,0.0,0.0,0.0,0.0,1.0,0.0,0.0,0.0,1.0
9.B.252,0.0,0.0,0.0,0.0,1.0,0.0,0.0,0.0,0.0,0.0,0.0,0.0,0.0,0.0,0.0,0.0,1.0,0.0,0.0,0.0,0.0,0.0,0.0,0.0,1.0,1.0,0.0,0.0,0.0
9.B.263,0.0,0.0,0.0,0.0,1.0,0.0,0.0,0.0,0.0,1.0,0.0,0.0,0.0,0.0,0.0,0.0,1.0,1.0,0.0,0.0,0.0,0.0,0.0,0.0,1.0,0.0,0.0,0.0,0.0
9.B.286,0.0,0.0,0.0,0.0,1.0,0.0,0.0,0.0,0.0,0.0,0.0,0.0,0.0,0.0,0.0,0.0,1.0,0.0,0.0,0.0,0.0,0.0,0.0,0.0,1.0,0.0,0.0,0.0,0.0
9.B.304,0.0,0.0,0.0,0.0,1.0,0.0,0.0,0.0,0.0,0.0,0.0,0.0,0.0,0.0,0.0,0.0,0.0,0.0,0.0,0.0,0.0,0.0,0.0,0.0,0.0,0.0,0.0,0.0,0.0
9.B.333,0.0,0.0,0.0,0.0,0.5,0.0,0.0,0.0,0.0,0.5,0.0,0.0,0.0,1.0,0.5,0.0,0.0,0.0,0.0,0.0,0.0,0.0,1.0,0.0,1.0,0.0,0.0,0.0,0.0
9.B.414,0.0,0.0,0.0,0.0,1.0,0.0,0.0,0.0,0.0,0.0,0.0,0.0,0.0,0.0,0.0,0.0,1.0,0.0,0.0,0.0,0.0,0.0,0.0,0.0,1.0,0.0,0.0,0.0,0.0
9.B.415,0.0,0.0,0.0,0.0,0.25,0.0,0.0,0.0,0.0,0.0,0.0,0.0,0.0,0.0,0.0,0.0,1.0,0.0,0.0,0.0,0.0,0.0,0.0,0.0,0.75,0.0,0.0,0.0,0.0
9.B.75,0.0,0.0,0.0,0.0,0.0,1.0,0.0,0.0,1.0,0.0,0.0,0.0,1.0,0.0,0.0,0.0,0.0,0.0,1.0,0.0,1.0,0.0,0.0,1.0,0.0,0.0,1.0,0.0,0.0
9.B.98,0.0,0.0,0.0,0.0,0.0,1.0,0.0,0.0,0.0,0.0,0.0,1.0,0.0,0.0,0.0,0.0,1.0,0.0,0.0,0.0,0.0,0.0,0.0,0.0,0.0,0.0,1.0,0.0,0.0
9.B.183,0.0,0.0,0.0,0.0,0.0,0.5,0.0,0.0,0.5,0.0,0.0,0.5,0.0,0.0,0.0,0.5,0.0,0.0,0.0,1.0,0.0,0.0,0.0,0.0,0.0,0.5,0.0,0.0,0.0
9.B.250,0.0,0.0,0.0,0.0,0.0,0.5,0.0,0.0,0.0,0.0,0.0,0.0,0.0,0.0,0.0,0.0,0.0,1.0,0.0,0.5,0.0,0.5,0.0,0.0,0.0,0.0,0.0,0.0,0.0
9.B.446,0.0,0.0,0.0,0.0,0.0,1.0,0.0,0.0,0.0,0.0,0.0,0.0,0.0,0.0,0.0,1.0,0.0,0.0,0.0,0.0,0.0,0.0,0.0,0.0,0.0,0.0,1.0,0.0,0.0
1.A.2,0.0,0.0,0.0,0.0,0.0,0.0,1.0,0.0,0.0,0.0,0.0,0.0,0.0,0.0,0.0,0.0,0.0,0.0,0.0,0.0,0.0,0.0,0.0,0.0,0.0,0.0,0.0,0.0,0.0
1.A.46,0.0,0.0,0.0,0.0,0.0,0.0,0.5,0.0,1.0,0.0,0.0,0.0,0.5,0.0,0.0,1.0,0.0,0.0,0.5,0.0,0.0,0.5,0.0,0.0,0.0,0.0,0.0,1.0,0.5
1.A.125,0.0,0.0,0.0,0.0,0.0,0.0,0.5,0.0,0.5,0.0,0.0,0.0,0.0,0.0,0.0,0.5,0.0,1.0,0.0,0.0,0.5,0.0,0.0,0.0,0.0,0.0,0.0,0.5,0.0
1.B.12,0.0,0.0,0.0,0.0,0.0,0.0,0.4,0.0,0.0,0.13,0.0,0.0,0.0,0.0,0.0,0.0,0.0,0.0,0.0,0.0,0.0,1.0,0.0,0.0,0.0,0.0,0.0,0.0,0.4
1.B.13,0.0,0.0,0.0,0.0,0.0,0.0,1.0,0.0,0.5,0.0,0.0,0.0,0.0,0.0,0.0,0.0,0.0,0.0,0.0,0.0,0.0,0.5,0.0,0.0,0.0,0.0,0.0,0.5,0.5
1.B.19,0.0,0.0,0.0,0.0,0.0,0.0,0.33,0.0,0.33,0.0,0.0,0.0,0.33,0.0,0.0,1.0,0.0,0.0,0.17,0.0,0.0,0.17,0.0,0.0,0.0,0.0,0.0,0.33,0.17
1.B.20,0.0,0.0,0.0,0.0,0.0,0.0,1.0,0.0,0.33,0.5,0.0,0.0,0.33,0.0,0.0,0.33,0.0,0.17,0.17,0.0,0.0,0.83,0.0,0.0,0.0,0.0,0.0,0.0,0.33
1.B.54,0.0,0.0,0.0,0.0,0.0,0.0,0.5,0.0,0.0,0.0,0.0,0.0,0.5,0.0,0.0,0.0,0.0,0.0,0.5,0.0,0.0,1.0,0.0,0.0,0.0,0.0,0.0,0.0,0.0
1.B.55,0.0,0.0,0.0,0.0,0.0,0.0,1.0,0.0,0.33,0.0,0.0,0.0,1.0,0.0,0.0,0.0,0.0,0.0,1.0,0.0,0.0,0.0,0.0,0.67,0.0,0.0,0.0,0.33,0.33
1.B.66,0.0,0.0,0.0,0.0,0.0,0.0,1.0,0.0,0.0,0.0,0.0,0.0,0.0,0.0,0.0,0.0,0.0,0.0,0.0,0.0,0.0,0.0,0.0,1.0,0.0,0.0,0.0,0.0,0.0
1.B.68,0.0,0.0,0.0,0.0,0.0,0.0,0.33,0.0,0.0,0.0,0.0,0.0,1.0,0.0,0.0,0.0,0.0,0.0,1.0,0.0,0.0,0.0,0.0,0.0,0.0,0.0,0.0,0.0,0.0
1.B.89,0.0,0.0,0.0,0.0,0.0,0.0,1.0,0.0,0.0,0.0,0.0,0.0,0.0,0.0,0.0,0.0,0.0,0.0,0.0,0.0,0.0,0.0,0.0,0.0,0.0,0.0,0.0,0.0,0.0
1.B.93,0.0,0.0,0.0,0.0,0.0,0.0,0.4,0.0,0.0,0.0,0.0,0.2,0.4,0.0,0.0,0.2,0.0,0.0,0.2,0.2,0.2,1.0,0.0,0.2,0.0,0.0,0.0,0.0,0.2
1.B.95,0.0,0.0,0.0,0.0,0.0,0.0,1.0,0.0,0.0,0.0,0.0,0.0,0.0,0.0,0.0,1.0,0.0,0.0,0.0,0.0,0.0,0.0,0.0,0.0,0.0,0.0,0.0,0.0,0.0
1.C.1,0.0,0.0,0.0,0.0,0.0,0.0,0.6,0.0,1.0,0.0,0.0,0.0,0.0,0.0,0.0,1.0,0.2,0.0,0.0,0.0,0.0,0.4,0.0,0.0,0.0,0.0,0.0,1.0,0.2
1.C.36,0.0,0.0,0.0,0.0,0.0,0.0,1.0,0.0,0.0,0.0,0.0,0.0,0.0,0.0,0.0,0.0,0.0,0.0,0.0,0.0,0.0,0.0,0.0,0.0,0.0,0.0,0.0,0.0,0.0
1.C.39,0.0,0.0,0.0,0.0,0.0,0.0,0.5,0.0,0.5,0.0,0.0,0.0,0.0,0.0,0.0,0.5,0.0,0.0,0.0,0.0,0.0,0.0,0.0,0.0,0.0,0.0,0.0,0.5,1.0
1.C.75,0.0,0.0,0.0,0.0,0.0,0.0,1.0,0.0,0.4,0.0,0.0,0.0,0.0,0.0,0.0,0.0,0.0,0.0,0.0,0.0,0.0,0.4,0.0,0.0,0.0,0.0,0.0,0.0,0.6
1.C.79,0.0,0.0,0.0,0.0,0.0,0.0,1.0,0.0,0.0,0.0,0.0,0.0,0.0,0.0,0.0,0.0,0.0,0.0,0.0,0.0,0.0,1.0,0.0,0.0,0.0,0.0,0.0,0.0,0.0
1.E.9,0.0,0.0,0.0,0.0,0.0,0.0,1.0,0.0,0.0,0.0,0.0,0.0,0.0,0.0,0.0,0.0,0.0,0.0,0.0,0.0,0.0,1.0,0.0,0.0,0.0,0.0,0.0,0.0,0.0
1.E.40,0.0,0.0,0.0,0.0,0.0,0.0,1.0,0.0,0.0,0.0,0.0,0.0,0.0,1.0,0.0,0.0,0.0,0.0,0.0,0.0,0.0,1.0,1.0,0.0,0.0,0.0,0.0,0.0,0.0
1.G.2,0.0,0.0,0.0,0.0,0.0,0.0,0.5,0.0,0.0,0.5,0.0,0.0,0.0,0.0,0.0,0.0,0.0,0.0,1.0,0.0,0.0,0.0,0.0,0.0,0.0,0.0,0.0,0.0,0.0
1.W.10,0.0,0.0,0.0,0.0,0.0,0.0,1.0,0.0,1.0,0.0,0.0,0.0,0.0,0.0,0.0,0.0,0.0,0.0,0.0,0.0,0.0,0.0,0.0,0.0,0.0,0.0,0.0,0.0,0.0
2.A.6.7,0.0,0.0,0.0,0.0,0.0,0.0,0.5,0.0,0.5,0.0,0.0,0.0,0.0,0.0,0.0,0.0,0.0,0.0,0.0,1.0,0.0,0.5,0.0,0.0,0.0,0.0,0.0,0.5,0.0
2.A.39,0.0,0.0,0.0,0.0,0.0,0.0,0.5,0.0,0.5,0.0,0.0,0.0,0.38,0.0,0.0,0.25,0.0,0.12,0.5,0.0,0.12,1.0,0.0,0.12,0.0,0.0,0.12,0.38,0.0
2.A.70,0.0,0.0,0.0,0.0,0.0,0.0,1.0,0.0,1.0,0.0,0.0,0.0,0.0,0.0,0.0,0.0,0.0,0.0,0.0,0.0,0.0,1.0,0.0,0.0,0.0,0.0,0.0,1.0,0.0
2.A.111,0.0,0.0,0.0,0.0,0.0,0.0,1.0,0.0,0.0,1.0,0.0,0.0,0.0,0.0,0.0,0.0,0.0,1.0,0.0,0.0,0.0,1.0,0.0,0.0,0.0,0.0,0.0,0.0,0.0
3.A.3.25,0.0,0.0,0.0,0.0,0.0,0.0,1.0,0.0,0.0,0.0,0.0,0.0,0.0,0.0,0.0,0.0,0.0,0.0,0.0,0.0,0.0,1.0,0.0,0.0,0.0,0.0,0.0,0.0,0.0
3.A.6,0.0,0.0,0.0,0.0,0.0,0.0,1.0,0.0,0.0,0.0,0.0,0.0,0.0,0.0,0.0,0.0,0.0,0.0,0.0,0.0,0.0,0.52,0.0,0.0,0.0,0.0,0.0,0.0,0.52
3.A.23,0.0,0.0,0.0,0.0,0.0,0.0,1.0,0.0,0.69,0.0,0.0,0.0,0.0,0.0,0.0,0.69,0.0,0.0,0.0,0.0,0.0,0.0,0.0,0.0,0.0,0.0,0.0,0.69,0.0
4.D.3,0.0,0.0,0.0,0.0,0.0,0.0,0.38,0.0,0.0,0.0,0.0,0.0,1.0,0.0,0.0,0.0,0.0,0.0,0.88,0.0,0.0,0.38,0.0,0.38,0.0,0.0,0.0,0.0,0.5
8.A.162,0.0,0.0,0.0,0.0,0.0,0.0,1.0,0.0,0.0,0.0,0.0,0.0,0.0,0.0,0.0,0.0,0.0,0.0,0.0,0.0,0.0,1.0,0.0,0.0,0.0,0.0,0.0,0.0,0.0
9.A.47,0.0,0.0,0.0,0.0,0.0,0.0,1.0,0.0,0.0,0.0,0.0,0.0,0.0,0.0,0.0,0.0,0.0,0.0,0.0,0.0,0.0,0.6,0.0,0.6,0.0,0.0,0.0,0.0,0.0
9.A.55,0.0,0.0,0.0,0.0,0.0,0.0,1.0,0.0,0.0,0.0,0.0,0.0,0.0,0.0,0.0,0.0,0.0,0.0,0.0,0.0,0.0,1.0,1.0,0.0,0.0,0.0,0.0,0.0,0.0
9.A.76,0.0,0.0,0.0,0.0,0.0,0.0,1.0,0.0,1.0,0.0,0.0,0.0,0.0,0.0,0.0,1.0,0.0,0.0,1.0,0.0,0.0,1.0,0.0,0.0,0.0,0.0,0.0,0.0,0.0
9.B.35,0.0,0.0,0.0,0.0,0.0,0.0,0.5,0.0,1.0,0.0,0.0,0.0,1.0,0.0,0.0,1.0,0.0,0.0,1.0,0.0,0.0,0.5,0.0,0.0,0.0,0.0,0.0,1.0,0.5
9.B.43,0.0,0.0,0.0,0.0,0.0,0.0,1.0,0.0,0.0,0.0,0.0,0.0,0.0,0.0,0.0,0.0,0.0,0.0,0.0,0.0,0.0,1.0,0.0,0.0,0.0,0.0,0.0,0.0,0.0
9.B.150,0.0,0.0,0.0,0.0,0.0,0.0,1.0,0.0,0.0,0.0,0.0,0.0,0.0,0.0,0.0,0.0,0.0,0.0,0.0,0.0,0.0,1.0,0.0,0.0,0.0,0.0,0.0,0.0,1.0
9.B.153,0.0,0.0,0.0,0.0,0.0,0.0,0.2,0.0,0.6,0.0,0.0,0.0,0.2,0.0,0.0,0.4,0.0,0.0,0.0,0.0,0.0,0.0,0.0,0.0,0.0,0.0,0.0,0.4,1.0
9.B.191,0.0,0.0,0.0,0.0,0.0,0.0,0.67,0.0,0.33,0.33,0.0,0.0,0.0,0.0,0.0,0.0,0.0,0.0,0.0,0.0,0.0,1.0,0.0,0.0,0.0,0.0,0.0,0.33,0.0
9.B.211,0.0,0.0,0.0,0.0,0.0,0.0,1.0,0.0,0.0,0.0,0.0,0.0,0.0,0.0,0.0,0.0,1.0,0.0,1.0,0.0,0.0,1.0,0.0,0.0,0.0,0.0,0.0,0.0,0.0
9.B.218,0.0,0.0,0.0,0.0,0.0,0.0,1.0,0.0,0.0,0.0,0.0,0.0,0.0,0.0,0.0,0.0,0.0,0.0,0.0,0.0,0.0,1.0,0.0,0.0,0.0,0.0,0.0,0.0,0.0
9.B.275,0.0,0.0,0.0,0.0,0.0,0.0,1.0,0.0,0.0,0.0,0.0,0.0,1.0,0.0,0.0,0.0,0.0,0.0,1.0,0.0,0.0,0.0,0.0,1.0,0.0,0.0,0.0,0.0,0.0
9.B.306,0.0,0.0,0.0,0.0,0.0,0.0,0.25,0.0,0.5,0.0,0.0,0.0,0.75,0.0,0.0,0.5,0.0,0.0,0.5,0.0,0.0,0.25,0.0,0.0,0.0,0.0,0.0,0.5,1.0
9.B.450,0.0,0.0,0.0,0.0,0.0,0.0,0.5,0.0,0.5,0.0,0.0,0.0,0.0,0.0,0.0,0.5,0.0,0.0,0.0,0.0,0.0,0.5,0.0,0.0,0.0,0.0,0.0,1.0,0.0
1.A.63,0.0,0.0,0.0,0.0,0.0,0.0,0.0,0.0,1.0,0.0,0.0,0.0,0.0,0.0,0.0,1.0,0.0,0.0,0.0,0.0,0.0,0.0,0.0,0.0,0.0,0.0,0.0,1.0,1.0
1.B.63,0.0,0.0,0.0,0.0,0.0,0.0,0.0,0.0,1.0,0.0,0.0,0.0,0.0,0.0,0.0,1.0,0.0,0.0,0.0,0.0,0.0,0.0,0.0,0.0,0.0,0.0,0.0,1.0,0.0
1.B.70,0.0,0.0,0.0,0.0,0.0,0.0,0.0,0.0,1.0,0.0,0.0,0.0,0.0,0.0,0.0,0.4,0.0,0.0,0.0,0.0,0.0,0.0,0.0,0.0,0.0,0.0,0.0,0.8,0.2
1.B.71,0.0,0.0,0.0,0.0,0.0,0.0,0.0,0.0,1.0,0.0,0.0,0.0,0.0,0.0,0.0,1.0,0.0,0.0,0.0,0.0,0.0,0.0,0.0,0.0,0.0,0.0,0.0,1.0,0.5
1.B.73,0.0,0.0,0.0,0.0,0.0,0.0,0.0,0.0,1.0,0.0,0.0,1.0,1.0,0.0,0.0,1.0,0.0,0.0,1.0,1.0,0.0,0.0,0.0,0.0,0.0,0.0,0.0,1.0,0.0
1.B.84,0.0,0.0,0.0,0.0,0.0,0.0,0.0,0.0,1.0,0.0,0.0,0.0,1.0,0.0,0.0,1.0,0.0,0.0,1.0,0.0,0.0,1.0,0.0,0.0,0.0,0.0,0.0,1.0,1.0
1.B.92,0.0,0.0,0.0,0.0,0.0,0.0,0.0,0.0,1.0,0.0,0.0,0.0,0.0,0.0,0.0,1.0,0.0,0.0,0.0,0.0,0.0,0.0,0.0,0.0,0.0,0.0,0.0,1.0,0.0
1.E.25,0.0,0.0,0.0,0.0,0.0,0.0,0.0,0.0,1.0,0.0,0.0,0.0,0.0,0.0,0.0,1.0,0.0,0.0,1.0,0.0,0.0,0.0,0.0,0.0,0.0,0.0,0.0,0.0,0.0
2.A.7.17,0.0,0.0,0.0,0.0,0.0,0.0,0.0,0.0,1.0,0.0,0.0,0.0,1.0,0.0,0.0,1.0,0.0,0.0,1.0,0.0,0.0,0.0,0.0,0.0,0.0,0.0,0.0,1.0,1.0
2.A.73,0.0,0.0,0.0,0.0,0.0,0.0,0.0,0.0,0.5,1.0,0.0,0.0,0.0,0.0,0.0,0.0,0.0,0.0,0.0,0.0,0.0,1.0,0.0,0.0,0.0,0.0,0.0,0.5,0.0
2.A.99,0.0,0.0,0.0,0.0,0.0,0.0,0.0,0.0,0.5,0.0,0.0,0.0,0.0,0.0,0.0,1.0,0.0,0.0,0.0,0.0,0.0,0.0,0.0,0.0,0.0,0.0,0.0,0.5,0.0
2.A.101,0.0,0.0,0.0,0.0,0.0,0.0,0.0,0.0,1.0,0.0,0.0,0.0,0.0,0.0,0.0,0.0,0.0,0.0,0.0,0.0,0.0,0.0,0.0,0.0,0.0,0.0,0.0,0.0,1.0
8.A.47,0.0,0.0,0.0,0.0,0.0,0.0,0.0,0.0,1.0,0.0,0.0,0.0,0.0,0.0,0.0,0.0,0.0,0.0,0.0,0.0,0.0,0.0,0.0,0.0,0.0,0.0,0.0,1.0,0.0
9.A.18,0.0,0.0,0.0,0.0,0.0,0.0,0.0,0.0,1.0,0.0,0.0,0.0,1.0,0.0,0.0,0.0,0.0,0.0,1.0,0.0,0.0,0.0,0.0,0.0,0.0,0.0,0.0,1.0,0.0
9.B.318,0.0,0.0,0.0,0.0,0.0,0.0,0.0,0.0,1.0,0.0,0.0,0.0,0.0,0.0,0.0,1.0,0.0,0.0,0.0,0.0,0.0,0.0,0.0,0.0,0.0,0.0,0.0,1.0,0.0
1.B.23,0.0,0.0,0.0,0.0,0.0,0.0,0.0,0.0,0.0,0.86,0.0,0.0,0.0,0.0,0.0,0.0,0.0,1.0,0.0,0.0,0.0,0.0,0.0,0.0,0.0,0.0,0.0,0.0,0.0
1.D.194,0.0,0.0,0.0,0.0,0.0,0.0,0.0,0.0,0.0,1.0,0.0,0.0,0.0,0.0,0.0,0.0,0.0,0.0,0.0,0.0,0.0,0.0,0.0,0.0,0.0,0.0,0.0,0.0,0.0
3.A.3.32,0.0,0.0,0.0,0.0,0.0,0.0,0.0,0.0,0.0,1.0,0.0,0.0,0.0,0.0,0.0,0.0,0.0,1.0,0.0,0.0,0.0,0.0,0.0,0.0,0.0,0.0,0.0,0.0,0.0
3.D.12,0.0,0.0,0.0,0.0,0.0,0.0,0.0,0.0,0.0,1.0,0.0,0.0,0.0,0.0,0.0,0.0,0.0,1.0,0.0,0.0,0.0,0.0,0.0,0.0,0.0,0.0,0.0,0.0,0.0
5.B.14,0.0,0.0,0.0,0.0,0.0,0.0,0.0,0.0,0.0,1.0,0.0,0.0,0.0,0.0,0.0,0.0,0.0,1.0,0.0,0.0,0.0,0.0,0.0,0.0,0.0,0.0,0.0,0.0,0.0
9.B.29,0.0,0.0,0.0,0.0,0.0,0.0,0.0,0.0,0.0,1.0,0.0,0.0,1.0,0.0,0.0,0.0,0.0,0.0,1.0,0.0,0.0,0.0,0.0,0.0,1.0,0.0,0.0,0.0,0.0
9.B.122,0.0,0.0,0.0,0.0,0.0,0.0,0.0,0.0,0.0,1.0,0.0,0.0,0.0,0.0,0.0,0.0,0.0,0.0,0.0,0.0,0.0,0.0,0.0,0.0,0.0,0.0,0.0,0.0,0.0
4.C.2,0.0,0.0,0.0,0.0,0.0,0.0,0.0,0.0,0.0,0.0,1.0,0.0,0.0,0.0,0.0,0.0,0.0,0.0,0.0,0.0,0.0,0.0,0.0,0.0,0.0,0.0,0.0,0.0,0.0
1.A.13,0.0,0.0,0.0,0.0,0.0,0.0,0.0,0.0,0.0,0.0,0.0,0.5,0.25,0.0,0.0,0.0,0.0,0.0,0.25,0.5,0.5,0.0,0.0,1.0,0.0,0.0,0.0,0.0,0.0
1.B.5,0.0,0.0,0.0,0.0,0.0,0.0,0.0,0.0,0.0,0.0,0.0,0.33,0.0,0.0,0.0,0.0,0.0,0.0,0.0,0.33,0.0,0.0,0.0,0.0,0.0,0.0,0.0,0.0,1.0
1.B.38,0.0,0.0,0.0,0.0,0.0,0.0,0.0,0.0,0.0,0.0,0.0,0.57,0.0,0.0,0.0,0.0,0.0,0.0,0.0,1.0,0.0,0.0,0.0,0.0,0.0,0.0,0.0,0.0,0.0
1.B.44,0.0,0.0,0.0,0.0,0.0,0.0,0.0,0.0,0.0,0.0,0.0,1.0,0.0,0.0,0.0,0.0,0.0,0.0,0.0,1.0,0.0,0.0,0.0,0.0,0.0,0.0,0.0,0.0,0.0
1.B.57,0.0,0.0,0.0,0.0,0.0,0.0,0.0,0.0,0.0,0.0,0.0,1.0,0.0,0.0,0.0,0.0,0.0,0.0,0.0,1.0,0.0,0.0,0.0,0.0,0.0,0.0,0.0,0.0,0.0
1.B.75,0.0,0.0,0.0,0.0,0.0,0.0,0.0,0.0,0.0,0.0,0.0,1.0,1.0,0.0,0.0,0.0,0.0,0.0,1.0,1.0,0.0,0.0,0.0,0.0,0.0,0.0,0.0,0.0,1.0
1.C.12.1,0.0,0.0,0.0,0.0,0.0,0.0,0.0,0.0,0.0,0.0,0.0,1.0,0.0,0.0,0.0,0.0,0.0,0.0,0.0,0.0,0.0,0.0,0.0,0.0,0.0,0.0,0.0,0.0,0.0
2.A.62,0.0,0.0,0.0,0.0,0.0,0.0,0.0,0.0,0.0,0.0,0.0,1.0,0.0,0.0,0.0,0.0,0.0,0.0,0.0,1.0,1.0,0.0,0.0,1.0,0.0,0.0,0.0,0.0,0.0
2.A.130,0.0,0.0,0.0,0.0,0.0,0.0,0.0,0.0,0.0,0.0,0.0,1.0,0.0,0.0,0.0,0.0,0.0,0.0,0.0,0.0,0.0,0.0,0.0,0.0,0.0,0.0,0.0,0.0,0.0
2.A.131,0.0,0.0,0.0,0.0,0.0,0.0,0.0,0.0,0.0,0.0,0.0,1.0,0.0,0.0,0.0,0.0,0.0,0.0,0.0,0.0,0.0,0.0,0.0,0.0,0.0,0.0,0.0,0.0,0.0
8.A.46,0.0,0.0,0.0,0.0,0.0,0.0,0.0,0.0,0.0,0.0,0.0,1.0,0.0,0.0,0.0,0.0,0.0,0.0,0.0,1.0,0.0,0.0,0.0,0.0,0.0,0.0,0.0,0.0,0.0
8.A.51,0.0,0.0,0.0,0.0,0.0,0.0,0.0,0.0,0.0,0.0,0.0,0.4,0.0,0.0,0.0,0.0,0.0,0.0,0.0,0.4,0.0,0.0,0.0,0.0,0.0,0.0,0.0,0.0,1.0
9.B.145,0.0,0.0,0.0,0.0,0.0,0.0,0.0,0.0,0.0,0.0,0.0,1.0,0.0,0.0,0.0,0.0,0.0,1.0,0.0,1.0,0.0,0.0,0.0,0.0,0.0,0.0,0.0,0.0,0.0
9.B.156,0.0,0.0,0.0,0.0,0.0,0.0,0.0,0.0,0.0,0.0,0.0,0.5,1.0,0.0,0.0,0.0,0.0,0.0,0.0,0.5,0.5,0.0,0.0,0.5,0.0,0.0,0.0,0.0,0.0
9.B.168,0.0,0.0,0.0,0.0,0.0,0.0,0.0,0.0,0.0,0.0,0.0,1.0,0.0,0.0,0.0,0.0,0.0,0.0,0.0,1.0,0.0,0.0,0.0,0.0,0.0,0.0,0.0,0.0,0.0
1.A.44,0.0,0.0,0.0,0.0,0.0,0.0,0.0,0.0,0.0,0.0,0.0,0.0,1.0,0.0,0.0,0.0,0.0,0.0,0.0,0.0,0.0,0.0,0.0,0.0,0.0,0.0,0.0,0.0,0.0
1.B.15,0.0,0.0,0.0,0.0,0.0,0.0,0.0,0.0,0.0,0.0,0.0,0.0,1.0,0.0,0.0,0.0,0.0,0.0,1.0,0.0,0.0,0.0,0.0,0.0,0.0,0.0,0.0,0.0,0.0
1.B.35,0.0,0.0,0.0,0.0,0.0,0.0,0.0,0.0,0.0,0.0,0.0,0.0,1.0,0.0,0.0,0.0,0.0,0.0,0.5,0.0,0.0,0.0,0.0,0.0,0.0,0.0,0.0,0.0,0.0
1.C.23,0.0,0.0,0.0,0.0,0.0,0.0,0.0,0.0,0.0,0.0,0.0,0.0,1.0,0.0,0.0,0.0,0.0,0.0,0.0,0.0,0.0,0.0,0.0,0.0,0.0,0.0,0.0,0.0,0.0
1.C.130,0.0,0.0,0.0,0.0,0.0,0.0,0.0,0.0,0.0,0.0,0.0,0.0,1.0,0.0,0.0,0.0,0.0,0.0,1.0,0.0,0.0,0.0,0.0,0.0,0.0,0.0,0.0,0.0,0.0
1.D.24,0.0,0.0,0.0,0.0,0.0,0.0,0.0,0.0,0.0,0.0,0.0,0.0,0.5,0.0,0.0,0.0,0.0,0.0,0.0,0.0,0.0,1.0,0.0,0.0,0.0,0.0,0.0,0.0,0.0
1.E.1,0.0,0.0,0.0,0.0,0.0,0.0,0.0,0.0,0.0,0.0,0.0,0.0,0.5,0.0,0.0,0.0,0.0,0.0,1.0,0.0,0.0,0.0,0.0,0.0,0.0,0.0,0.0,0.0,0.0
1.E.5,0.0,0.0,0.0,0.0,0.0,0.0,0.0,0.0,0.0,0.0,0.0,0.0,1.0,0.0,0.0,0.0,0.0,0.0,0.0,0.0,0.0,0.0,0.0,0.0,0.0,0.0,0.0,0.0,0.0
1.E.53,0.0,0.0,0.0,0.0,0.0,0.0,0.0,0.0,0.0,0.0,0.0,0.0,0.67,0.0,0.0,0.0,0.0,0.0,1.0,0.0,0.0,0.0,0.0,0.0,0.0,0.0,0.0,0.0,0.0
1.M.12,0.0,0.0,0.0,0.0,0.0,0.0,0.0,0.0,0.0,0.0,0.0,0.0,1.0,0.0,0.0,0.0,0.0,0.0,0.0,0.0,0.0,0.0,0.0,0.0,0.0,0.0,0.0,0.0,0.0
1.M.13,0.0,0.0,0.0,0.0,0.0,0.0,0.0,0.0,0.0,0.0,0.0,0.0,1.0,0.0,0.0,1.0,0.0,0.0,0.0,0.0,0.0,0.0,0.0,0.0,0.0,0.0,0.0,0.0,0.0
2.A.104,0.0,0.0,0.0,0.0,0.0,0.0,0.0,0.0,0.0,0.0,0.0,0.0,1.0,0.0,0.0,0.0,0.0,0.0,1.0,0.0,0.0,0.0,0.0,0.0,0.0,0.0,0.0,0.0,0.0
2.A.113,0.0,0.0,0.0,0.0,0.0,0.0,0.0,0.0,0.0,0.0,0.0,0.0,1.0,0.0,0.0,0.0,0.0,0.0,1.0,0.0,0.0,0.0,0.0,0.0,0.0,0.0,0.0,0.0,0.0
3.A.4,0.0,0.0,0.0,0.0,0.0,0.0,0.0,0.0,0.0,0.0,0.0,0.0,1.0,0.0,0.0,0.0,0.0,0.0,1.0,0.0,0.0,0.0,0.0,0.0,0.0,0.0,0.0,0.0,0.0
4.A.4,0.0,0.0,0.0,0.0,0.0,0.0,0.0,0.0,0.0,0.0,0.0,0.0,1.0,0.0,0.0,0.0,0.0,0.0,0.33,0.0,0.0,0.0,0.0,0.0,0.0,0.0,0.0,0.0,0.0
8.A.2,0.0,0.0,0.0,0.0,0.0,0.0,0.0,0.0,0.0,0.0,0.0,0.0,1.0,0.0,0.0,0.0,0.0,0.0,1.0,0.0,0.0,0.0,0.0,0.0,0.0,0.0,0.0,0.0,0.0
8.A.117,0.0,0.0,0.0,0.0,0.0,0.0,0.0,0.0,0.0,0.0,0.0,0.0,0.33,0.67,0.0,0.0,0.0,0.33,0.33,0.0,0.0,0.0,0.33,0.0,0.0,0.33,0.0,0.0,1.0
9.B.4,0.0,0.0,0.0,0.0,0.0,0.0,0.0,0.0,0.0,0.0,0.0,0.0,1.0,0.0,0.0,0.0,0.0,0.0,1.0,0.0,0.0,0.0,0.0,0.0,0.0,0.0,0.0,0.0,0.0
9.B.12,0.0,0.0,0.0,0.0,0.0,0.0,0.0,0.0,0.0,0.0,0.0,0.0,1.0,0.0,0.0,0.0,0.0,0.0,1.0,0.0,0.0,0.0,0.0,0.0,0.0,0.0,0.0,0.0,0.0
9.B.15,0.0,0.0,0.0,0.0,0.0,0.0,0.0,0.0,0.0,0.0,0.0,0.0,1.0,0.0,0.0,0.0,0.0,0.0,1.0,0.0,0.0,0.0,0.0,0.0,0.0,0.0,0.0,0.0,0.0
9.B.44,0.0,0.0,0.0,0.0,0.0,0.0,0.0,0.0,0.0,0.0,0.0,0.0,1.0,0.0,0.0,0.5,0.0,0.0,1.0,0.0,0.0,0.5,0.0,0.0,0.0,0.0,0.0,0.0,0.5
9.B.51,0.0,0.0,0.0,0.0,0.0,0.0,0.0,0.0,0.0,0.0,0.0,0.0,1.0,1.0,0.0,0.0,0.0,0.0,1.0,0.0,0.0,0.0,0.0,0.0,0.0,0.0,0.0,0.0,0.0
9.B.69,0.0,0.0,0.0,0.0,0.0,0.0,0.0,0.0,0.0,0.0,0.0,0.0,1.0,0.0,0.0,0.0,0.0,0.0,0.0,0.0,0.0,0.0,0.0,0.0,0.0,0.0,0.0,0.0,0.0
9.B.128,0.0,0.0,0.0,0.0,0.0,0.0,0.0,0.0,0.0,0.0,0.0,0.0,1.0,0.0,0.0,0.0,0.0,0.0,1.0,0.0,0.0,0.0,0.0,0.0,0.0,0.0,0.0,0.0,0.0
9.B.209,0.0,0.0,0.0,0.0,0.0,0.0,0.0,0.0,0.0,0.0,0.0,0.0,1.0,0.0,0.0,0.0,0.0,0.0,1.0,0.0,0.0,0.0,0.0,0.0,0.0,0.0,0.0,0.0,0.0
9.B.284,0.0,0.0,0.0,0.0,0.0,0.0,0.0,0.0,0.0,0.0,0.0,0.0,1.0,0.0,0.0,0.0,0.0,0.0,1.0,0.0,0.0,0.0,0.0,0.0,0.0,0.0,0.0,0.0,0.0
9.B.363,0.0,0.0,0.0,0.0,0.0,0.0,0.0,0.0,0.0,0.0,0.0,0.0,1.0,0.0,0.0,0.0,0.0,0.0,1.0,0.0,0.0,0.0,0.0,0.0,0.0,0.0,0.0,0.0,0.0
9.B.381,0.0,0.0,0.0,0.0,0.0,0.0,0.0,0.0,0.0,0.0,0.0,0.0,1.0,0.0,0.0,0.0,0.0,0.0,1.0,0.0,0.0,0.0,0.0,0.0,0.0,0.0,0.0,0.0,0.0
1.B.77,0.0,0.0,0.0,0.0,0.0,0.0,0.0,0.0,0.0,0.0,0.0,0.0,0.0,1.0,0.0,0.0,0.0,0.0,0.0,0.0,0.0,0.0,0.0,0.0,0.0,0.0,0.0,0.0,0.0
2.A.77,0.0,0.0,0.0,0.0,0.0,0.0,0.0,0.0,0.0,0.0,0.0,0.0,0.0,0.33,0.0,0.0,0.33,0.0,0.0,0.0,0.0,0.0,0.0,0.0,1.0,0.0,0.0,0.0,0.0
3.A.19,0.0,0.0,0.0,0.0,0.0,0.0,0.0,0.0,0.0,0.0,0.0,0.0,0.0,1.0,0.0,1.0,0.0,0.0,0.0,0.0,0.0,0.0,1.0,0.0,0.0,0.0,0.0,0.0,0.0
9.B.176,0.0,0.0,0.0,0.0,0.0,0.0,0.0,0.0,0.0,0.0,0.0,0.0,0.0,1.0,0.0,0.0,0.0,0.0,0.0,0.0,0.0,0.0,1.0,0.0,0.0,0.0,0.0,0.0,0.0
9.B.220,0.0,0.0,0.0,0.0,0.0,0.0,0.0,0.0,0.0,0.0,0.0,0.0,0.0,1.0,0.0,0.0,0.0,1.0,0.0,0.0,0.0,0.0,0.0,0.0,0.0,0.0,0.0,0.0,0.0
9.B.392,0.0,0.0,0.0,0.0,0.0,0.0,0.0,0.0,0.0,0.0,0.0,0.0,0.0,0.4,0.0,0.0,0.0,0.0,0.0,0.0,0.0,1.0,0.35,0.0,0.0,0.0,0.0,0.0,0.0
1.B.59,0.0,0.0,0.0,0.0,0.0,0.0,0.0,0.0,0.0,0.0,0.0,0.0,0.0,0.0,1.0,0.0,0.0,0.0,0.0,0.0,0.0,0.0,0.0,0.0,0.0,0.0,0.0,0.0,0.0
1.C.7,0.0,0.0,0.0,0.0,0.0,0.0,0.0,0.0,0.0,0.0,0.0,0.0,0.0,0.0,1.0,0.0,0.0,0.0,0.0,0.0,0.0,0.0,0.0,0.0,0.0,0.0,0.0,0.0,0.0
1.E.2,0.0,0.0,0.0,0.0,0.0,0.0,0.0,0.0,0.0,0.0,0.0,0.0,0.0,0.0,0.0,1.0,0.0,0.0,0.0,0.0,0.0,0.0,0.0,1.0,0.0,0.0,0.0,0.0,0.0
1.E.3,0.0,0.0,0.0,0.0,0.0,0.0,0.0,0.0,0.0,0.0,0.0,0.0,0.0,0.0,0.0,1.0,0.0,0.0,1.0,0.0,0.0,0.0,0.0,0.0,0.0,0.0,0.0,0.0,1.0
2.A.7.9,0.0,0.0,0.0,0.0,0.0,0.0,0.0,0.0,0.0,0.0,0.0,0.0,0.0,0.0,0.0,1.0,0.0,0.0,0.0,0.0,0.0,0.0,0.0,0.0,0.0,0.0,0.0,0.0,0.0
9.B.50,0.0,0.0,0.0,0.0,0.0,0.0,0.0,0.0,0.0,0.0,0.0,0.0,0.0,0.0,0.0,1.0,0.0,0.0,0.0,0.0,0.0,0.0,0.0,0.0,0.0,0.0,0.0,0.0,0.0
1.C.67,0.0,0.0,0.0,0.0,0.0,0.0,0.0,0.0,0.0,0.0,0.0,0.0,0.0,0.0,0.0,0.0,1.0,0.0,0.0,0.0,1.0,0.0,0.0,1.0,1.0,0.0,0.0,0.0,0.0
2.A.116,0.0,0.0,0.0,0.0,0.0,0.0,0.0,0.0,0.0,0.0,0.0,0.0,0.0,0.0,0.0,0.0,1.0,0.0,0.0,0.0,0.0,0.0,0.0,0.0,0.0,0.0,0.0,0.0,0.0
9.A.10,0.0,0.0,0.0,0.0,0.0,0.0,0.0,0.0,0.0,0.0,0.0,0.0,0.0,0.0,0.0,0.0,1.0,0.0,0.0,0.0,0.0,0.0,0.0,0.0,0.0,0.0,0.0,0.0,0.0
1.A.72.3,0.0,0.0,0.0,0.0,0.0,0.0,0.0,0.0,0.0,0.0,0.0,0.0,0.0,0.0,0.0,0.0,0.0,0.0,1.0,0.0,0.0,0.0,0.0,0.0,0.0,0.0,0.0,0.0,0.0
1.A.72.4,0.0,0.0,0.0,0.0,0.0,0.0,0.0,0.0,0.0,0.0,0.0,0.0,0.0,0.0,0.0,0.0,0.0,0.0,1.0,0.0,0.0,0.0,0.0,0.0,0.0,0.0,0.0,0.0,0.0
1.A.72.5,0.0,0.0,0.0,0.0,0.0,0.0,0.0,0.0,0.0,0.0,0.0,0.0,0.0,0.0,0.0,0.0,0.0,0.0,1.0,0.0,0.0,0.0,0.0,0.0,0.0,0.0,0.0,0.0,0.0
1.E.48,0.0,0.0,0.0,0.0,0.0,0.0,0.0,0.0,0.0,0.0,0.0,0.0,0.0,0.0,0.0,0.0,0.0,0.0,1.0,0.0,0.0,0.0,0.0,0.0,0.0,0.0,0.0,0.0,0.0
1.M.7,0.0,0.0,0.0,0.0,0.0,0.0,0.0,0.0,0.0,0.0,0.0,0.0,0.0,0.0,0.0,0.0,0.0,0.0,1.0,0.0,0.0,0.0,0.0,0.0,0.0,0.0,0.0,0.0,0.0
1.W.3,0.0,0.0,0.0,0.0,0.0,0.0,0.0,0.0,0.0,0.0,0.0,0.0,0.0,0.0,0.0,0.0,0.0,0.0,1.0,0.0,0.5,0.0,0.0,0.5,0.0,0.0,0.0,0.0,0.5
2.A.7.22,0.0,0.0,0.0,0.0,0.0,0.0,0.0,0.0,0.0,0.0,0.0,0.0,0.0,0.0,0.0,0.0,0.0,0.0,1.0,0.0,0.0,0.0,0.0,0.0,0.0,0.0,0.0,0.0,0.0
1.B.16,0.0,0.0,0.0,0.0,0.0,0.0,0.0,0.0,0.0,0.0,0.0,0.0,0.0,0.0,0.0,0.0,0.0,0.0,0.0,1.0,0.0,0.0,0.0,0.0,0.0,0.0,0.0,0.0,1.0
2.A.29.14,0.0,0.0,0.0,0.0,0.0,0.0,0.0,0.0,0.0,0.0,0.0,0.0,0.0,0.0,0.0,0.0,0.0,0.0,0.0,1.0,0.0,0.0,0.0,0.0,0.0,0.0,0.0,0.0,1.0
2.A.66.10,0.0,0.0,0.0,0.0,0.0,0.0,0.0,0.0,0.0,0.0,0.0,0.0,0.0,0.0,0.0,0.0,0.0,0.0,0.0,1.0,0.0,0.0,0.0,0.0,0.0,0.0,0.0,0.0,0.0
8.A.58,0.0,0.0,0.0,0.0,0.0,0.0,0.0,0.0,0.0,0.0,0.0,0.0,0.0,0.0,0.0,0.0,0.0,0.0,0.0,1.0,0.0,0.0,0.0,0.0,0.0,0.0,0.0,0.0,0.0
8.A.110,0.0,0.0,0.0,0.0,0.0,0.0,0.0,0.0,0.0,0.0,0.0,0.0,0.0,0.0,0.0,0.0,0.0,0.0,0.0,1.0,0.0,0.0,0.0,0.0,0.0,0.0,0.0,0.0,0.0
8.A.128,0.0,0.0,0.0,0.0,0.0,0.0,0.0,0.0,0.0,0.0,0.0,0.0,0.0,0.0,0.0,0.0,0.0,0.0,0.0,0.5,0.0,0.0,0.0,0.0,0.0,0.0,1.0,0.0,0.0
9.B.155,0.0,0.0,0.0,0.0,0.0,0.0,0.0,0.0,0.0,0.0,0.0,0.0,0.0,0.0,0.0,0.0,0.0,0.0,0.0,1.0,0.0,0.0,0.0,0.0,0.0,0.0,0.0,0.0,0.0
9.B.171,0.0,0.0,0.0,0.0,0.0,0.0,0.0,0.0,0.0,0.0,0.0,0.0,0.0,0.0,0.0,0.0,0.0,0.0,0.0,1.0,0.0,0.0,0.0,0.0,0.0,0.0,0.0,0.0,0.0
1.C.4,0.0,0.0,0.0,0.0,0.0,0.0,0.0,0.0,0.0,0.0,0.0,0.0,0.0,0.0,0.0,0.0,0.0,0.0,0.0,0.0,1.0,0.0,0.0,1.0,0.0,0.0,0.0,0.0,0.0
1.C.96,0.0,0.0,0.0,0.0,0.0,0.0,0.0,0.0,0.0,0.0,0.0,0.0,0.0,0.0,0.0,0.0,0.0,0.0,0.0,0.0,1.0,0.0,0.0,0.0,0.0,0.0,0.0,0.0,0.0
1.E.56,0.0,0.0,0.0,0.0,0.0,0.0,0.0,0.0,0.0,0.0,0.0,0.0,0.0,0.0,0.0,0.0,0.0,0.0,0.0,0.0,1.0,1.0,0.0,1.0,0.0,0.0,0.0,0.0,1.0
5.B.15,0.0,0.0,0.0,0.0,0.0,0.0,0.0,0.0,0.0,0.0,0.0,0.0,0.0,0.0,0.0,0.0,0.0,0.0,0.0,0.0,1.0,0.0,0.0,0.0,0.0,0.0,0.0,0.0,0.0
9.A.74,0.0,0.0,0.0,0.0,0.0,0.0,0.0,0.0,0.0,0.0,0.0,0.0,0.0,0.0,0.0,0.0,0.0,0.0,0.0,0.0,1.0,0.0,0.0,0.0,0.0,0.0,0.0,0.0,1.0
1.B.62,0.0,0.0,0.0,0.0,0.0,0.0,0.0,0.0,0.0,0.0,0.0,0.0,0.0,0.0,0.0,0.0,0.0,0.0,0.0,0.0,0.0,1.0,0.0,0.0,0.0,0.0,0.0,0.0,0.0
1.B.85,0.0,0.0,0.0,0.0,0.0,0.0,0.0,0.0,0.0,0.0,0.0,0.0,0.0,0.0,0.0,0.0,0.0,0.0,0.0,0.0,0.0,1.0,0.0,0.0,0.0,0.0,0.0,0.0,0.0
1.C.131,0.0,0.0,0.0,0.0,0.0,0.0,0.0,0.0,0.0,0.0,0.0,0.0,0.0,0.0,0.0,0.0,0.0,0.0,0.0,0.0,0.0,1.0,0.0,0.0,0.0,0.0,0.0,0.0,0.0
2.A.7.36,0.0,0.0,0.0,0.0,0.0,0.0,0.0,0.0,0.0,0.0,0.0,0.0,0.0,0.0,0.0,0.0,0.0,0.0,0.0,0.0,0.0,1.0,0.0,0.0,0.0,0.0,0.0,0.0,0.0
9.B.23,0.0,0.0,0.0,0.0,0.0,0.0,0.0,0.0,0.0,0.0,0.0,0.0,0.0,0.0,0.0,0.0,0.0,0.0,0.0,0.0,0.0,1.0,0.0,0.0,0.0,0.0,0.0,0.0,0.0
9.B.96,0.0,0.0,0.0,0.0,0.0,0.0,0.0,0.0,0.0,0.0,0.0,0.0,0.0,0.0,0.0,0.0,0.0,0.0,0.0,0.0,0.0,1.0,0.0,0.0,0.0,0.0,0.0,0.0,0.0
9.B.283,0.0,0.0,0.0,0.0,0.0,0.0,0.0,0.0,0.0,0.0,0.0,0.0,0.0,0.0,0.0,0.0,0.0,0.0,0.0,0.0,0.0,1.0,0.0,0.0,0.0,0.0,0.0,0.0,1.0
9.A.31,0.0,0.0,0.0,0.0,0.0,0.0,0.0,0.0,0.0,0.0,0.0,0.0,0.0,0.0,0.0,0.0,0.0,0.0,0.0,0.0,0.0,0.0,1.0,0.0,0.0,0.0,0.0,0.0,0.0
9.B.139,0.0,0.0,0.0,0.0,0.0,0.0,0.0,0.0,0.0,0.0,0.0,0.0,0.0,0.0,0.0,0.0,0.0,0.0,0.0,0.0,0.0,0.0,1.0,0.0,0.0,0.0,0.0,0.0,0.0
9.B.118,0.0,0.0,0.0,0.0,0.0,0.0,0.0,0.0,0.0,0.0,0.0,0.0,0.0,0.0,0.0,0.0,0.0,0.0,0.0,0.0,0.0,0.0,0.0,1.0,0.0,0.0,0.0,0.0,0.0
1.B.162,0.0,0.0,0.0,0.0,0.0,0.0,0.0,0.0,0.0,0.0,0.0,0.0,0.0,0.0,0.0,0.0,0.0,0.0,0.0,0.0,0.0,0.0,0.0,0.0,1.0,0.0,0.0,0.0,0.0
2.A.29.11,0.0,0.0,0.0,0.0,0.0,0.0,0.0,0.0,0.0,0.0,0.0,0.0,0.0,0.0,0.0,0.0,0.0,0.0,0.0,0.0,0.0,0.0,0.0,0.0,1.0,0.0,0.0,0.0,0.0
1.C.20,0.0,0.0,0.0,0.0,0.0,0.0,0.0,0.0,0.0,0.0,0.0,0.0,0.0,0.0,0.0,0.0,0.0,0.0,0.0,0.0,0.0,0.0,0.0,0.0,0.0,1.0,0.0,0.0,0.0
1.C.37,0.0,0.0,0.0,0.0,0.0,0.0,0.0,0.0,0.0,0.0,0.0,0.0,0.0,0.0,0.0,0.0,0.0,0.0,0.0,0.0,0.0,0.0,0.0,0.0,0.0,1.0,0.0,0.0,0.0
2.A.66.5,0.0,0.0,0.0,0.0,0.0,0.0,0.0,0.0,0.0,0.0,0.0,0.0,0.0,0.0,0.0,0.0,0.0,0.0,0.0,0.0,0.0,0.0,0.0,0.0,0.0,1.0,0.0,0.0,0.0
2.A.135,0.0,0.0,0.0,0.0,0.0,0.0,0.0,0.0,0.0,0.0,0.0,0.0,0.0,0.0,0.0,0.0,0.0,0.0,0.0,0.0,0.0,0.0,0.0,0.0,0.0,1.0,0.0,0.0,0.0
1.E.18,0.0,0.0,0.0,0.0,0.0,0.0,0.0,0.0,0.0,0.0,0.0,0.0,0.0,0.0,0.0,0.0,0.0,0.0,0.0,0.0,0.0,0.0,0.0,0.0,0.0,0.0,1.0,0.0,0.0
9.B.412,0.0,0.0,0.0,0.0,0.0,0.0,0.0,0.0,0.0,0.0,0.0,0.0,0.0,0.0,0.0,0.0,0.0,0.0,0.0,0.0,0.0,0.0,0.0,0.0,0.0,0.0,1.0,0.0,0.0
9.B.164,0.0,0.0,0.0,0.0,0.0,0.0,0.0,0.0,0.0,0.0,0.0,0.0,0.0,0.0,0.0,0.0,0.0,0.0,0.0,0.0,0.0,0.0,0.0,0.0,0.0,0.0,0.0,1.0,0.0
1.A.132,0.0,0.0,0.0,0.0,0.0,0.0,0.0,0.0,0.0,0.0,0.0,0.0,0.0,0.0,0.0,0.0,0.0,0.0,0.0,0.0,0.0,0.0,0.0,0.0,0.0,0.0,0.0,0.0,1.0
1.B.4,0.0,0.0,0.0,0.0,0.0,0.0,0.0,0.0,0.0,0.0,0.0,0.0,0.0,0.0,0.0,0.0,0.0,0.0,0.0,0.0,0.0,0.0,0.0,0.0,0.0,0.0,0.0,0.0,1.0
1.B.79,0.0,0.0,0.0,0.0,0.0,0.0,0.0,0.0,0.0,0.0,0.0,0.0,0.0,0.0,0.0,0.0,0.0,0.0,0.0,0.0,0.0,0.0,0.0,0.0,0.0,0.0,0.0,0.0,1.0
1.B.81,0.0,0.0,0.0,0.0,0.0,0.0,0.0,0.0,0.0,0.0,0.0,0.0,0.0,0.0,0.0,0.0,0.0,0.0,0.0,0.0,0.0,0.0,0.0,0.0,0.0,0.0,0.0,0.0,1.0
1.C.53,0.0,0.0,0.0,0.0,0.0,0.0,0.0,0.0,0.0,0.0,0.0,0.0,0.0,0.0,0.0,0.0,0.0,0.0,0.0,0.0,0.0,0.0,0.0,0.0,0.0,0.0,0.0,0.0,1.0
1.C.65,0.0,0.0,0.0,0.0,0.0,0.0,0.0,0.0,0.0,0.0,0.0,0.0,0.0,0.0,0.0,0.0,0.0,0.0,0.0,0.0,0.0,0.0,0.0,0.0,0.0,0.0,0.0,0.0,1.0
2.A.7.30,0.0,0.0,0.0,0.0,0.0,0.0,0.0,0.0,0.0,0.0,0.0,0.0,0.0,0.0,0.0,0.0,0.0,0.0,0.0,0.0,0.0,0.0,0.0,0.0,0.0,0.0,0.0,0.0,1.0
2.A.12,0.0,0.0,0.0,0.0,0.0,0.0,0.0,0.0,0.0,0.0,0.0,0.0,0.0,0.0,0.0,0.0,0.0,0.0,0.0,0.0,0.0,0.0,0.0,0.0,0.0,0.0,0.0,0.0,1.0
5.B.9,0.0,0.0,0.0,0.0,0.0,0.0,0.0,0.0,0.0,0.0,0.0,0.0,0.0,0.0,0.0,0.0,0.0,0.0,0.0,0.0,0.0,0.0,0.0,0.0,0.0,0.0,0.0,0.0,1.0
8.A.82,0.0,0.0,0.0,0.0,0.0,0.0,0.0,0.0,0.0,0.0,0.0,0.0,0.0,0.0,0.0,0.0,0.0,0.0,0.0,0.0,0.0,0.0,0.0,0.0,0.0,0.0,0.0,0.0,1.0
8.A.232,0.0,0.0,0.0,0.0,0.0,0.0,0.0,0.0,0.0,0.0,0.0,0.0,0.0,0.0,0.0,0.0,0.0,0.0,0.0,0.0,0.0,0.0,0.0,0.0,0.0,0.0,0.0,0.0,1.0
9.B.30,0.0,0.0,0.0,0.0,0.0,0.0,0.0,0.0,0.0,0.0,0.0,0.0,0.0,0.0,0.0,0.0,0.0,0.0,0.0,0.0,0.0,0.0,0.0,0.0,0.0,0.0,0.0,0.0,1.0
9.B.40,0.0,0.0,0.0,0.0,0.0,0.0,0.0,0.0,0.0,0.0,0.0,0.0,0.0,0.0,0.0,0.0,0.0,0.0,0.0,0.0,0.0,0.0,0.0,0.0,0.0,0.0,0.0,0.0,1.0
9.B.110,0.0,0.0,0.0,0.0,0.0,0.0,0.0,0.0,0.0,0.0,0.0,0.0,0.0,0.0,0.0,0.0,0.0,0.0,0.0,0.0,0.0,0.0,0.0,0.0,0.0,0.0,0.0,0.0,1.0
9.B.117,0.0,0.0,0.0,0.0,0.0,0.0,0.0,0.0,0.0,0.0,0.0,0.0,0.0,0.0,0.0,0.0,0.0,0.0,0.0,0.0,0.0,0.0,0.0,0.0,0.0,0.0,0.0,0.0,1.0
9.B.353,0.0,0.0,0.0,0.0,0.0,0.0,0.0,0.0,0.0,0.0,0.0,0.0,0.0,0.0,0.0,0.0,0.0,0.0,0.0,0.0,0.0,0.0,0.0,0.0,0.0,0.0,0.0,0.0,1.0
9.B.358,0.0,0.0,0.0,0.0,0.0,0.0,0.0,0.0,0.0,0.0,0.0,0.0,0.0,0.0,0.0,0.0,0.0,0.0,0.0,0.0,0.0,0.0,0.0,0.0,0.0,0.0,0.0,0.0,1.0
